"RelativePath","Length","LastWriteTime","SHA256","TopLevel"
"handoff-request-20260917-232512-d8c7bbab\powershell-context.json","17199","2026-09-17T23:25:37.9076737+08:00","785DB7F9F187B54470CE605942525D96BA5976E7BC798A3F58FBD519F2FCABEB","False"
"r1_bringup.c","5702","2026-09-13T20:14:17.5288578+08:00","A9D8E0CFC9B339DC3ADDAFCCD5E67EBBF4D69D8C5B7AC3C58E9321AB752545D1","True"
"r1_bringup.h","1085","2026-09-13T20:14:11.8707402+08:00","38C59EB3802E7385640D29E4B2CA64DDF4BAD23CF9C63F20B2B29432491796A1","True"
"r1_bringup_integrate.ps1","10514","2026-09-13T20:14:29.3038330+08:00","FD705F22476DBA6DC738534194274C733B524A4074DFFC2CF093375B1E660ADE","True"
"r1_committed_repro_build.ps1","9726","2026-09-13T21:19:05.0154653+08:00","2A15B8CAF531646C2818DDD744C00FF7CC674041B8AC137C44C70BCEA990DE86","True"
"r1_dbm_integrate.ps1","9324","2026-09-13T20:02:50.9521879+08:00","DD8EBBAE8CE25D6723167CD403DCE3EFE84B7450D5167E548A613D697EA3A8B6","True"
"r1_evidence_checkpoint.ps1","15841","2026-09-13T21:16:54.8949457+08:00","4E7A217D9292CC9868FA5F4E46EB74EA0DE7F0D2CD4D0706C6D10F8FC2BF7396","True"
"r1_final_focused_regression.ps1","28335","2026-09-13T21:23:58.6665470+08:00","EEA5CFAC3E18578D42EAB83CB338EF56D19DD847647EAF03DA86A9E0B5FBEBA1","True"
"r1_final_focused_regression_v2.ps1","28499","2026-09-13T21:27:56.4498320+08:00","96EBE276FE74B9229565587E64256732EF89949B9299ABAEEFDA89D6D9D03E08","True"
"r1_lifecycle_bringup.c","11391","2026-09-13T20:38:50.0645827+08:00","B57F5077B4F50BEECE3D3D75576C82A0EE5EFD7194D33C4328C0A45F4104A5C6","True"
"r1_lifecycle_bringup.h","2101","2026-09-13T20:38:50.0645827+08:00","35E702B055A6948491FEF36D42951784C967A11A008580F698AFD62DFD5021A5","True"
"r1_lifecycle_build_flash.ps1","10379","2026-09-13T20:41:51.0482336+08:00","E713E029D2D2DBE1F43051EADA4F8DD409D5CBD02208391D0685B2E461A1F0D5","True"
"r1_lifecycle_capture.ps1","15735","2026-09-13T20:42:01.4819321+08:00","ED402FFAA8D2C421024102C26DEF585A656CEF5D58BC2135068B6572AAF85095","True"
"r1_lifecycle_integrate.ps1","5405","2026-09-13T20:38:51.5327433+08:00","B35D782295F5B559C407B87FCF4E48FE5415FFB6C1BC0134872FB10556F0D5FE","True"
"r1_raw_snapshot_capture.ps1","15937","2026-09-13T21:11:42.9618601+08:00","2F2B8F64B5BDA0BF4FF8946FC0CF5FE57C728621EC48DDB262FAFEC2733E8149","True"
"r1_raw_snapshot_recovery.ps1","15027","2026-09-13T21:14:52.8333290+08:00","77C59D025362AEEABBE87721DB440AA5AD7CDAA53E6FA451632FEB207181F4C4","True"
"r1_soak_bringup.c","11536","2026-09-13T20:47:56.7257452+08:00","2BEA18208F75A51E15A187B22C5EC1EB182088651A01BEDC5092CBB9798118FC","True"
"r1_soak_bringup.h","2250","2026-09-13T20:47:46.4583361+08:00","B75A4EC44B54D31E3580A8D7E3EC96B3DA61825CEE8D53317CA455E5B1AD7020","True"
"r1_soak_build_flash_wait.ps1","11549","2026-09-13T20:50:57.7178099+08:00","D12E5D252517472A8B077B3CB7CFA4A7A77753724DC8C5E2967AE70C6D460E49","True"
"r1_soak_capture.ps1","15620","2026-09-13T20:51:07.2935432+08:00","73A67C30E149274267C055CC77B72A8B7BEF8F74CF9E0D1A00234B3C40D2936B","True"
"r1_soak_integrate.ps1","5657","2026-09-13T20:47:59.9366804+08:00","E80DE614BB64DE9F8AC8B3A456364D4A4C140322EFD89CFCA71E72E35EA9C947","True"
"r2_archive_inventory_v2.ps1","12577","2026-09-18T00:48:04.5849812+08:00","8013E427304A51441311C864D3F83F71934A193760AAF3C5C99DC622046787E8","True"
"r2_evidence_consolidate.ps1","37735","2026-09-18T01:19:44.6355750+08:00","510A48BCB01FDF50C6C4F762CDEF8B7B1484DDD0392A049D880504A5C4918D2C","True"
"r2_w1_buffer_pool.zip","25308","2026-09-17T18:34:49.2085452+08:00","F2199CD829587A81F337E005226CD966B5953D098D63659DF2D464E3D79E26C8","True"
"r2_w2_dma_slots_v2.zip","12675","2026-09-17T18:59:41.8159866+08:00","7F74C7A75CF0D993FD9A71916BD11E5E32B59D14AD22159D36ADD05DEF0B2D26","True"
"r2_w3_bounded_rebind.zip","40478","2026-09-17T19:35:56.6908274+08:00","60382A7A42774CEEDBE3E7FCE005335F16B83907421A82091BDB98A03D49B577","True"
"r2_w3_checkpoint.ps1","18086","2026-09-17T19:51:48.5424523+08:00","71F0CFF5051F98D7068DE22CB2643D68196B624C2851ABB7301CBAD4282232E5","True"
"r2_w3_first_hardware_run.ps1","31113","2026-09-17T19:48:35.4008205+08:00","F377A097C528A55805DCA973C772A26A466AED9BE92DF3CCE19A9168E4533CF6","True"
"r2_w3_preflight_source.zip","26422","2026-09-17T19:07:10.8483233+08:00","6D4AC684F9D209B38418E27F5910DB40281E5C974AE87C6B43099363E8648281","True"
"r2_w4_checkpoint.ps1","25813","2026-09-17T20:25:28.5842926+08:00","B1D0CD405A0B1EBEFD508C4AE39BC38630868F5D75AC15C26E9759502D6DC3D9","True"
"r2_w4_first_hardware_run.ps1","37377","2026-09-17T20:25:26.5122923+08:00","41CC4BDC616B37C05C1CE94E9B0449A16AD5A515AC7BC1CA94E8B14F99736A10","True"
"r2_w4_roundtrip.zip","32620","2026-09-17T20:06:52.8496899+08:00","FADFBAC0845473B48D5ECF8A4BF6690354F944554959453BB76BCA6E25C4217F","True"
"r2_w5_capacity_drop_v3.zip","32040","2026-09-17T20:56:42.3915444+08:00","EF56D86449EE2FFD9443CD5468A22C87E1F7F2B8CD1B5D832F13D0AF2A06AC0E","True"
"r2_w5_checkpoint.ps1","28417","2026-09-17T21:10:55.0236232+08:00","45771DC8D415043B620B7E6E77BF74F014F6DAB8497547FC5A4A111F5CF1935C","True"
"r2_w5_first_hardware_run.ps1","41439","2026-09-17T21:04:52.5831990+08:00","9E7052CAEAF62CB0E8EC6A312ECF222A3832E111966EA6054153E3B273859976","True"
"r2_w5_preflight_source.zip","42445","2026-09-17T20:40:14.6257983+08:00","8AF182DB221B9F9B967EB27D033EC95A1F9E7F11863D27F81A2E12593600C9DF","True"
"r2_w6_committed_regression.ps1","15799","2026-09-18T01:11:45.9859325+08:00","6C816D5DD86B27E5DABC2ED90DADEB406E09083E621A54E26865C731D4504DA5","True"
"r2_w6_k_matrix.zip","33689","2026-09-17T21:33:36.4608963+08:00","92E05DFD771AE6DCC04303C6442D07780734D92A7D6F76940562172CB82CFE0F","True"
"r2_w6_k1_drop_trace_retry.ps1","19351","2026-09-18T00:03:48.6326206+08:00","B4D2AC1986F0DEE0EF74B507F48469E610F5769E5118195A0FD76D9949A96B78","True"
"r2_w6_k1_drop_trace_retry_v2.ps1","19710","2026-09-18T00:06:49.7990527+08:00","2326A884EC6E459C4ACFBE492CF950B00C16FD02E22EF4C04BD188EE1F5A37D2","True"
"r2_w6_k2_normal_trace.ps1","17880","2026-09-18T00:13:02.7640210+08:00","8B0EC8FEFA38419A56E96DFFE48B59446CA8BDAC962A7BDDF67490C275BB4079","True"
"r2_w6_precommit_repro.ps1","10561","2026-09-18T00:58:35.3331839+08:00","F5F9B1FD83BAE732BB9D120910D3878D986D67FC1FEEC710B5428C2741C0DF84","True"
"r2_w6_precommit_repro_v2.ps1","16205","2026-09-18T01:01:40.2890140+08:00","70B9F36830987DC56B09BF6474032481328936975B58A92C25EC1A838B60F18A","True"
"r2_w6_precommit_repro_v3.ps1","18386","2026-09-18T01:04:42.2607725+08:00","05AB52A1E80169CE5E0D63D8CAC094588969F7D61E6F6977F734D0A18311DB30","True"
"r2_w6_precommit_repro_v4.ps1","18395","2026-09-18T01:06:08.0456711+08:00","8AB3DE4C5E963B6F50BDF8FBB2EC5D769030AE091F9EB96934F1E45DCDFC6A9A","True"
"r2_w6_preflight_source.zip","53867","2026-09-17T21:12:23.0637741+08:00","91F69C7434FAB3007A74B8721A5C8FCAE2594CE3EC8451182D54EE1CD9F70EDE","True"
"r2_w6_run_summary.ps1","21697","2026-09-18T00:20:02.6426827+08:00","DADC058ADABF2D71CD0FBF6595BCFFECBC249B394B298C05CAB027D9027682EE","True"
"r2_w6_run_summary_v2.ps1","22077","2026-09-18T00:30:52.1374495+08:00","8454EE1066C60B448CC9263706D466BB573C59E3CD83BB912867BB98D4EBE41E","True"
"r2_w6_trace_validate.ps1","23806","2026-09-18T00:26:50.4964490+08:00","6CD5F048FBDC277686F83D93DABE8F518E1938FF0056421F37F6D0A01B10711F","True"
"r2_w6_trace_validate_v2.ps1","23762","2026-09-18T00:32:33.0145778+08:00","5CD675B485A91D78058EFACC7B9DF99A047722661EBA9A503AB221640C5E16E3","True"
"r2-w1-7431cc48fba646e88b374c155c516c39\install_r2_w1.ps1","9060","2026-09-17T10:30:12.0000000+08:00","6BD602F66147BDCC24971F69DB518A90D2644DD190D3F5ED1FF55D10650A3AE4","False"
"r2-w1-7431cc48fba646e88b374c155c516c39\payload.sha256","403","2026-09-17T10:30:14.0000000+08:00","8F991DD32F13FDD3E6E7522ECAC805936BAF86AE67E1BB3DD6AFA4D6A98EF733","False"
"r2-w1-7431cc48fba646e88b374c155c516c39\payload\firmware\buffer_pool\r2_buffer_pool.c","7691","2026-09-17T10:27:56.0000000+08:00","64B51573E8CC72F080D54255193DCFC9E9D6D0021F4C68E9783C846EF509837B","False"
"r2-w1-7431cc48fba646e88b374c155c516c39\payload\firmware\buffer_pool\r2_buffer_pool.h","3723","2026-09-17T10:27:56.0000000+08:00","F52B89C8AD373305302D16A1B77D711FB8AE23FA6B995FBCAF71BB820BBCE363","False"
"r2-w1-7431cc48fba646e88b374c155c516c39\payload\tests\native\CMakeLists.txt","2161","2026-09-17T10:25:30.0000000+08:00","937C3C4BEB3541CA89077DF344FBCD190E83417B3F283E2AAC6C2C0E1725BA53","False"
"r2-w1-7431cc48fba646e88b374c155c516c39\payload\tests\native\test_r2_buffer_pool.c","22381","2026-09-17T10:27:56.0000000+08:00","E405F0ACCB82FFDA35A6D945BAE960F5CB9EDFD829561970B5280819CCD504C7","False"
"r2-w1-7431cc48fba646e88b374c155c516c39\README.md","6187","2026-09-17T10:32:34.0000000+08:00","9B2C19F500AFFBEBBF67F268B6403FD7DC98C165FED2E9B01D71A3D9B76B1FC3","False"
"r2-w1-7431cc48fba646e88b374c155c516c39\verification\clang-asan-ubsan-all-cases.log","97","2026-09-17T10:28:44.0000000+08:00","02CA0DDABF20C12FB08C072A7AF1F099A977FCCB98177705324BD72DA1D58537","False"
"r2-w1-7431cc48fba646e88b374c155c516c39\verification\clang-asan-ubsan-build.log","319","2026-09-17T10:28:44.0000000+08:00","A183B70AB212411E2BE001B4B063C00F16123FE1619FD339FE7C2E2B969C9DA6","False"
"r2-w1-7431cc48fba646e88b374c155c516c39\verification\clang-asan-ubsan-configure.log","583","2026-09-17T10:28:44.0000000+08:00","6FA44255720EEA3681E3728B5E7A098B6677AC12849600C56307F9039E903371","False"
"r2-w1-7431cc48fba646e88b374c155c516c39\verification\clang-asan-ubsan-ctest.log","2977","2026-09-17T10:28:44.0000000+08:00","B466FAAB8279DC29EEB51AA093A0229CD6677EED20E57A508015128A9FD1F50C","False"
"r2-w1-7431cc48fba646e88b374c155c516c39\verification\clang-debug-all-cases.log","92","2026-09-17T10:28:44.0000000+08:00","A1BAFFF2E69FD1830B17F25421FDD990DB98046F1DF0745583D7694FACFCC308","False"
"r2-w1-7431cc48fba646e88b374c155c516c39\verification\clang-debug-build.log","314","2026-09-17T10:28:44.0000000+08:00","242EB9436D851E3563F283372FFB34B07069803E6DC687279ABACF2736904C9C","False"
"r2-w1-7431cc48fba646e88b374c155c516c39\verification\clang-debug-configure.log","574","2026-09-17T10:28:42.0000000+08:00","88DC1AE0B67CC93DFA36B990B2F91B0047A69D0A454A41BFD4B4985AE93C6C7A","False"
"r2-w1-7431cc48fba646e88b374c155c516c39\verification\clang-debug-ctest.log","2962","2026-09-17T10:28:44.0000000+08:00","3403E06CC457049709E3233894C3FDBA445271CCF1C5AA1CEA37262BD2567F78","False"
"r2-w1-7431cc48fba646e88b374c155c516c39\verification\clang-release-all-cases.log","94","2026-09-17T10:28:44.0000000+08:00","845F6323044C174460C0DCFC2571D7A5B5A97634F781C55FDCAAD9A8C4560EF0","False"
"r2-w1-7431cc48fba646e88b374c155c516c39\verification\clang-release-build.log","316","2026-09-17T10:28:44.0000000+08:00","66684C847A2B0E3F8FC02FBD29C33A13ACD5E5FDE96EBDA7DD3C9648E63E45BB","False"
"r2-w1-7431cc48fba646e88b374c155c516c39\verification\clang-release-configure.log","580","2026-09-17T10:28:44.0000000+08:00","727BFEDBFADBA9D98054A1425C923E242317B13835166EDC1EA0B7CCDDE67569","False"
"r2-w1-7431cc48fba646e88b374c155c516c39\verification\clang-release-ctest.log","2968","2026-09-17T10:28:44.0000000+08:00","A013E9C041DB47E7BBCCA37938523CAA3275B084FB0D0BF09541107EF947A528","False"
"r2-w1-7431cc48fba646e88b374c155c516c39\verification\gcc-debug-all-cases.log","36","2026-09-17T10:28:44.0000000+08:00","4BCF21FC1ED39466CC9106B404820F3ED63D681D9090CB149C0EBEAFF82F0ABF","False"
"r2-w1-7431cc48fba646e88b374c155c516c39\verification\gcc-debug-build.log","387","2026-09-17T10:32:34.0000000+08:00","A77F96E41702B6F18629906023E266C37E5F84869CF9461D8487FE91B170CE2E","False"
"r2-w1-7431cc48fba646e88b374c155c516c39\verification\gcc-debug-configure.log","374","2026-09-17T10:27:36.0000000+08:00","ABDB17C2661D79227F44294652B0FEEA09A8186649AAA6CDE44C525DD2C64F2D","False"
"r2-w1-7431cc48fba646e88b374c155c516c39\verification\gcc-debug-ctest.log","2974","2026-09-17T10:32:34.0000000+08:00","ABEA9C4B3A120281D37D6443E8960F8815219CCC5EEC2609C9921A16B3D3E6AA","False"
"r2-w1-7431cc48fba646e88b374c155c516c39\verification\gcc-release-all-cases.log","92","2026-09-17T10:28:42.0000000+08:00","1529212EAC1DE0E1096562AD5E36A75D1346067981E9FFACE5AC494AC3AA6A89","False"
"r2-w1-7431cc48fba646e88b374c155c516c39\verification\gcc-release-build.log","314","2026-09-17T10:28:42.0000000+08:00","981C56CED00407E5B1E805ECC43D2AD6B308F5F4F45AAC8215BD60352B6E7D74","False"
"r2-w1-7431cc48fba646e88b374c155c516c39\verification\gcc-release-configure.log","554","2026-09-17T10:28:42.0000000+08:00","28D91AE595EF847E8F58B0C8B9DCCCE6DC2BBB4B15E464AAE168E4EA0A2DB8E9","False"
"r2-w1-7431cc48fba646e88b374c155c516c39\verification\gcc-release-ctest.log","2962","2026-09-17T10:28:42.0000000+08:00","3EA1C144207A8A6BA424B0FEFE025F4E2A228639665224DEF06653C168A4555D","False"
"r2-w1-7431cc48fba646e88b374c155c516c39\verification\verification.json","2185","2026-09-17T10:32:34.0000000+08:00","8DBB94464A1745B837B40E2B02242784A9FC25034B71344A3E80D72146CF09B3","False"
"r2-w2-0765ce5bf242420c9604b02866665eef\r2_w2_dma_slots_v2\install_r2_w2.ps1","5951","2026-09-17T19:01:12.1177018+08:00","EC85431614246DD67DA275AFD1D84C3CAD3B9D9BDA8BB2329AD3AA8EABA2C03D","False"
"r2-w2-0765ce5bf242420c9604b02866665eef\r2_w2_dma_slots_v2\payload.sha256","533","2026-09-17T10:56:46.0000000+08:00","3336B0E16B763C2B1919BD204377655E8B070DEDE45B754EDE5488DBFD2DBFDD","False"
"r2-w2-0765ce5bf242420c9604b02866665eef\r2_w2_dma_slots_v2\payload\firmware\acquisition\r2_dma_slots.c","9509","2026-09-17T10:56:46.0000000+08:00","39F4FAFF9169E2640EA81269428CB67F0ED7278C699973F662EF4AB745156C51","False"
"r2-w2-0765ce5bf242420c9604b02866665eef\r2_w2_dma_slots_v2\payload\firmware\acquisition\r2_dma_slots.h","2994","2026-09-17T10:56:00.0000000+08:00","4892D171B54527234D7FCDB0024CABA39CF3306D451FC1D5AAA8FB5DBE499811","False"
"r2-w2-0765ce5bf242420c9604b02866665eef\r2_w2_dma_slots_v2\payload\tests\native\CMakeLists.txt","3344","2026-09-17T10:56:46.0000000+08:00","CB1A531ABFC9F192C17EE6650BB48FFF6C9FABFA763BC23DE9808EA3DAE43A52","False"
"r2-w2-0765ce5bf242420c9604b02866665eef\r2_w2_dma_slots_v2\payload\tests\native\test_r2_dma_slots.c","16016","2026-09-17T10:56:46.0000000+08:00","85DD8A50394B2625734E68548A7B2DC0D6D05372AFE434D4022FF19B7A640245","False"
"r2-w2-0765ce5bf242420c9604b02866665eef\r2_w2_dma_slots_v2\README.md","589","2026-09-17T10:58:50.0000000+08:00","81EA23AE6455BECE74BCD5DB7DB1D0F04E859E40599573E6B7495E696FD75B9A","False"
"r2-w2-0765ce5bf242420c9604b02866665eef\r2_w2_dma_slots_v2\verification\case-count.txt","3","2026-09-17T10:56:46.0000000+08:00","64AEB9975F234BECD55BB4635E6E2F2DA7A6B7BF0A896F0C07763BDFBFB31420","False"
"r2-w2-0765ce5bf242420c9604b02866665eef\r2_w2_dma_slots_v2\verification\clang-direct.log","34","2026-09-17T10:56:46.0000000+08:00","9A09DBC3ACB907EA747AAAF60F5204456B0F0CDC8ACE069872DF46CFAB69D591","False"
"r2-w2-0765ce5bf242420c9604b02866665eef\r2_w2_dma_slots_v2\verification\gcc-configure.log","273","2026-09-17T10:56:02.0000000+08:00","27DED5E939518EF89DEBCEC4B71AC6CC0E6E525275E8767CB675F07BED034CFB","False"
"r2-w2-0765ce5bf242420c9604b02866665eef\r2_w2_dma_slots_v2\verification\gcc-direct.log","34","2026-09-17T10:56:46.0000000+08:00","9A09DBC3ACB907EA747AAAF60F5204456B0F0CDC8ACE069872DF46CFAB69D591","False"
"r2-w3-ca438aa104974d4ebd0bfad12f39d12e\install_r2_w3.ps1","7764","2026-09-17T11:28:46.0000000+08:00","87191E324035D552FD9C8FAEF3731AC549D56C06FD2D5B2A82194279F2EADCEA","False"
"r2-w3-ca438aa104974d4ebd0bfad12f39d12e\package-manifest.json","4645","2026-09-17T11:31:32.0000000+08:00","B775FE38CEFA9A219231CB8299100563530FB194F826AA8D927C045D48DA2A49","False"
"r2-w3-ca438aa104974d4ebd0bfad12f39d12e\payload\docs\evidence\r2\w3\PLAN.md","7995","2026-09-17T11:28:44.0000000+08:00","1D411697895DFCE9ECE32016382FFB548D629A3C29C26A5BF60D6D39E8DD0FCE","False"
"r2-w3-ca438aa104974d4ebd0bfad12f39d12e\payload\firmware\acquisition\r2_w3_guard.h","1904","2026-09-17T11:24:44.0000000+08:00","2EAEB603110FD797EF06481DB162DBA3B6201B41A22F87F24A48EA0F61562EDD","False"
"r2-w3-ca438aa104974d4ebd0bfad12f39d12e\payload\firmware\acquisition\r2_w3_rebind.c","22139","2026-09-17T11:30:08.0000000+08:00","9E47F011EFA845CFE5F76B0D9AE6F7AAE20DF76DF587A91BF5346C5F36D70C84","False"
"r2-w3-ca438aa104974d4ebd0bfad12f39d12e\payload\firmware\acquisition\r2_w3_rebind.h","3525","2026-09-17T11:16:36.0000000+08:00","3AD986F231031C97819A52EB03006A5699FAEDEB63C91AA8E9A1560021616327","False"
"r2-w3-ca438aa104974d4ebd0bfad12f39d12e\payload\firmware\cubemx\CMakeLists.txt","3671","2026-09-17T11:20:24.0000000+08:00","EBFF6770179C8FC9203C5B66F2CAB819F0C5DE5D60CEBC89CF767B73FE7CD05A","False"
"r2-w3-ca438aa104974d4ebd0bfad12f39d12e\payload\firmware\cubemx\Core\Src\main.c","11142","2026-09-17T11:20:24.0000000+08:00","56175F8497B94E10147BBFBA3524E8EBCEE9F1FE0A3B97F13DA199B156E3BAFB","False"
"r2-w3-ca438aa104974d4ebd0bfad12f39d12e\payload\firmware\cubemx\Core\Src\stm32f4xx_it.c","6102","2026-09-17T11:20:24.0000000+08:00","DA006F6243D4006CEFAB9011026601F6561D45D0ACB57541E3CA7C279FF19D0C","False"
"r2-w3-ca438aa104974d4ebd0bfad12f39d12e\payload\tests\native\CMakeLists.txt","4243","2026-09-17T11:20:24.0000000+08:00","DEE174BEAE541BA37FC45826CFCC726BE0C972D681134AE65AC8B7122DC20A2F","False"
"r2-w3-ca438aa104974d4ebd0bfad12f39d12e\payload\tests\native\test_r2_w3_guard.c","6113","2026-09-17T11:24:44.0000000+08:00","431C51AE418F71A8AAAF4D5554002895187615C26125A73B70754A8A31635CC5","False"
"r2-w3-ca438aa104974d4ebd0bfad12f39d12e\payload\tools\r2\verify_w3.ps1","8240","2026-09-17T11:28:44.0000000+08:00","40671A5587F92F5869EC8B3FC5CE0114F3840F157BB285B8F8235F2C7A627ACC","False"
"r2-w3-ca438aa104974d4ebd0bfad12f39d12e\README.md","2732","2026-09-17T11:31:32.0000000+08:00","5A3686D69A292D7755428577D5FE9E8880D3B680AF8AC80C1C490242B7B7E9DA","False"
"r2-w3-ca438aa104974d4ebd0bfad12f39d12e\verification\api-shim\FreeRTOS.h","278","2026-09-17T11:22:28.0000000+08:00","864C52700C1178C4C0BD2CBF2CD3A05E456BB40542E12FB84524C17DCAAABE88","False"
"r2-w3-ca438aa104974d4ebd0bfad12f39d12e\verification\api-shim\main.h","3654","2026-09-17T11:22:28.0000000+08:00","5E8EF22D1ACE70F324EF150517CC70884398F619CA1C0D91BB4FC66021FEAB07","False"
"r2-w3-ca438aa104974d4ebd0bfad12f39d12e\verification\api-shim\stm32f4xx_hal_dma_ex.h","128","2026-09-17T11:22:28.0000000+08:00","AA367F60809A964C09FC897B458C580AD7A15B8099535F21390D73D774E25D98","False"
"r2-w3-ca438aa104974d4ebd0bfad12f39d12e\verification\api-shim\task.h","210","2026-09-17T11:22:28.0000000+08:00","536D71E94AB2B25FA08840BEA53CBC9988082FBC86A0D1C46AE663BEE1E02F6C","False"
"r2-w3-ca438aa104974d4ebd0bfad12f39d12e\verification\clang-build.txt","121","2026-09-17T11:30:08.0000000+08:00","DD05E3ACF79C55B6C15BA1623D80E57BC5D4A931887490FB73ACAEDBD19C4820","False"
"r2-w3-ca438aa104974d4ebd0bfad12f39d12e\verification\clang-configure.txt","392","2026-09-17T11:22:28.0000000+08:00","2DC162F9F24E224E64143CFD4DDC80ECCC149CCE7D56548E2FBD5FB04AFAF6DA","False"
"r2-w3-ca438aa104974d4ebd0bfad12f39d12e\verification\clang-ctest.txt","6871","2026-09-17T11:30:10.0000000+08:00","8028B589E3ADBF292A9640CAA55F0A0C8180A3364044B0E0782AC0CE887BB84E","False"
"r2-w3-ca438aa104974d4ebd0bfad12f39d12e\verification\gcc-build.txt","121","2026-09-17T11:30:08.0000000+08:00","DD05E3ACF79C55B6C15BA1623D80E57BC5D4A931887490FB73ACAEDBD19C4820","False"
"r2-w3-ca438aa104974d4ebd0bfad12f39d12e\verification\gcc-configure.txt","369","2026-09-17T11:20:26.0000000+08:00","EAEC240901290CF8C109CCEE8A970076AD20E398EAC94793BDA7F3023A2A6D79","False"
"r2-w3-ca438aa104974d4ebd0bfad12f39d12e\verification\gcc-ctest.txt","6867","2026-09-17T11:30:08.0000000+08:00","9AA5EC44D7463EB2420D62E7C0330A4BF1DDFD0A45E76BD834AE5FD5E7C3E6DA","False"
"r2-w3-ca438aa104974d4ebd0bfad12f39d12e\verification\mock-clang.txt","75","2026-09-17T11:30:10.0000000+08:00","6559713D32883346737916614FAE213F5DF607779B085C9E999BF95E14C2AECA","False"
"r2-w3-ca438aa104974d4ebd0bfad12f39d12e\verification\mock-gcc.txt","75","2026-09-17T11:30:10.0000000+08:00","6559713D32883346737916614FAE213F5DF607779B085C9E999BF95E14C2AECA","False"
"r2-w3-ca438aa104974d4ebd0bfad12f39d12e\verification\shim-clang.txt","0","2026-09-17T11:22:28.0000000+08:00","E3B0C44298FC1C149AFBF4C8996FB92427AE41E4649B934CA495991B7852B855","False"
"r2-w3-ca438aa104974d4ebd0bfad12f39d12e\verification\shim-gcc.txt","0","2026-09-17T11:22:28.0000000+08:00","E3B0C44298FC1C149AFBF4C8996FB92427AE41E4649B934CA495991B7852B855","False"
"r2-w3-ca438aa104974d4ebd0bfad12f39d12e\verification\SUMMARY.txt","1344","2026-09-17T11:31:32.0000000+08:00","3235771F16CB9C15722C2F7EE8FA0D1AA06A6AAE9E1A16F7C79C742993EE8748","False"
"r2-w3-ca438aa104974d4ebd0bfad12f39d12e\verification\test_adapter_mock.c","6055","2026-09-17T11:30:08.0000000+08:00","AC09FF153125885A6442B8FEB7B547A3555D8C518848CC1E818F97DF1F44E671","False"
"r2-w4-a1c1be92362a440c8191ce0779d345da\install_r2_w4.ps1","8720","2026-09-17T12:05:00.0000000+08:00","B73722D6235614F7E37EF17F854604C72DAD232A07739C9C39D1D3DAE3247418","False"
"r2-w4-a1c1be92362a440c8191ce0779d345da\payload\docs\evidence\r2\w4\PLAN.md","1811","2026-09-17T12:03:10.0000000+08:00","CE9D4BE6E029640CAA6250C24BC78781055EA2839C354EE4243B3BC0674B49C3","False"
"r2-w4-a1c1be92362a440c8191ce0779d345da\payload\firmware\acquisition\r2_w4_guard.h","1474","2026-09-17T11:59:36.0000000+08:00","C6AF990E228B7FBC46B0206EC85B0FE94EA88B48DF46741CC4523BEC79F5FB9E","False"
"r2-w4-a1c1be92362a440c8191ce0779d345da\payload\firmware\acquisition\r2_w4_roundtrip.c","33420","2026-09-17T12:01:08.0000000+08:00","546F237AF2F38ACAAD41CAB54032D21832D0A666870CB557980CFC28711E1E4D","False"
"r2-w4-a1c1be92362a440c8191ce0779d345da\payload\firmware\acquisition\r2_w4_roundtrip.h","3600","2026-09-17T11:59:36.0000000+08:00","2D4D59942A37806F897D57A537F14FCA21E652EA1F22918587C3B0B7CABE5978","False"
"r2-w4-a1c1be92362a440c8191ce0779d345da\payload\firmware\cubemx\CMakeLists.txt","4550","2026-09-17T12:01:30.0000000+08:00","76968BBF55A35F16EF99622124D947FEA00EE9F30AB45889FFB028FBCDCD3828","False"
"r2-w4-a1c1be92362a440c8191ce0779d345da\payload\firmware\cubemx\Core\Inc\FreeRTOSConfig.h","4422","2026-09-17T12:01:30.0000000+08:00","45CA0710BB5FC69EB62462B715F7837F621B3FC9AFDDBEAA5717DA41E6A97638","False"
"r2-w4-a1c1be92362a440c8191ce0779d345da\payload\firmware\cubemx\Core\Src\main.c","10848","2026-09-17T12:01:30.0000000+08:00","44609DBE7D37F87EC5AF77B8F9855EE90C0D15D834606C73D3F6A24A0928B210","False"
"r2-w4-a1c1be92362a440c8191ce0779d345da\payload\firmware\cubemx\Core\Src\stm32f4xx_it.c","6062","2026-09-17T12:01:30.0000000+08:00","CD0D922A15A1C24158585C3B9BAC3CF018D17D2EDB55471550C5023C7AAC9817","False"
"r2-w4-a1c1be92362a440c8191ce0779d345da\payload\tests\native\CMakeLists.txt","5221","2026-09-17T12:02:06.0000000+08:00","EC6E0DC4577829D8802932F13D4B5DC9E40431D66F3B136325665524647C05A4","False"
"r2-w4-a1c1be92362a440c8191ce0779d345da\payload\tests\native\test_r2_w4_model.c","9828","2026-09-17T12:02:06.0000000+08:00","5C0DB31454EBBE30CC0EB98B879A3CE28CA5D9187570D10C14EDED0E3E3CE72E","False"
"r2-w4-a1c1be92362a440c8191ce0779d345da\payload\tools\r2\verify_w4.ps1","9014","2026-09-17T12:03:10.0000000+08:00","54F79F3D1375356FE1D0E3F44148BF8F6ED20BD18AF492F7536B127022CEE895","False"
"r2-w4-a1c1be92362a440c8191ce0779d345da\README.md","732","2026-09-17T12:05:18.0000000+08:00","17A7131E4B5A5075591D1AB751DA425109B7AF31FCBB457B77876EEB31902418","False"
"r2-w4-a1c1be92362a440c8191ce0779d345da\verification-summary.txt","512","2026-09-17T12:05:00.0000000+08:00","D6B710F148FA6BC5009FCEAE086E1E58BB601CABBDFB6B4BF239B836CD694AC5","False"
"r2-w5-313ac3377410478395221d4ddb24746d\install_r2_w5.ps1","8738","2026-09-17T12:55:14.0000000+08:00","B0D154BC6EE691943889D4D8FCB6E012FE9B85B565BD1AC3871ABFD8A5D194A4","False"
"r2-w5-313ac3377410478395221d4ddb24746d\payload.sha256","1093","2026-09-17T12:37:08.0000000+08:00","8BAE17DE458449737861522C204FD5AEC509AE7979FB46661DD4BB6B18E1D057","False"
"r2-w5-313ac3377410478395221d4ddb24746d\payload\docs\evidence\r2\w5\PLAN.md","2669","2026-09-17T12:36:08.0000000+08:00","75F567CB0FEEFA0C7E65A1AAE1F7C85EAA635137971E8CF04083904C67E59BA2","False"
"r2-w5-313ac3377410478395221d4ddb24746d\payload\firmware\acquisition\r2_w5_capacity.c","40953","2026-09-17T12:33:12.0000000+08:00","F40FFB8651F17735022DB29E0958836ECAF7A71BF78FF857B3991398EA440C54","False"
"r2-w5-313ac3377410478395221d4ddb24746d\payload\firmware\acquisition\r2_w5_capacity.h","4077","2026-09-17T12:31:18.0000000+08:00","24F2B2B8B0FD7A35B10DCD2A3A83A03F361C72AEC18E3218ED375CAE493DE438","False"
"r2-w5-313ac3377410478395221d4ddb24746d\payload\firmware\acquisition\r2_w5_guard.h","1734","2026-09-17T12:31:18.0000000+08:00","F17A007417C9193AE23F1A482E3C65263FEB83EA394493A1E0A2A026E06B5543","False"
"r2-w5-313ac3377410478395221d4ddb24746d\payload\firmware\cubemx\CMakeLists.txt","5375","2026-09-17T12:35:30.0000000+08:00","A12AD2A41B5AE8FFEBD8C2FA961184276EBFA3F38184828D22B6A2543256CA67","False"
"r2-w5-313ac3377410478395221d4ddb24746d\payload\firmware\cubemx\Core\Inc\FreeRTOSConfig.h","4580","2026-09-17T12:35:30.0000000+08:00","3738BA40F56B3581DF408F13C34FD92D1187296CFDEC2FA96F05B4170E54DD21","False"
"r2-w5-313ac3377410478395221d4ddb24746d\payload\firmware\cubemx\Core\Src\main.c","10963","2026-09-17T12:35:30.0000000+08:00","55099CCE26939DAEB1C21F51351A81F1DD4EDBB5725040768442C06B5BDBECA0","False"
"r2-w5-313ac3377410478395221d4ddb24746d\payload\firmware\cubemx\Core\Src\stm32f4xx_it.c","6235","2026-09-17T12:35:30.0000000+08:00","45EBC35BF0E3F4052192E7EE6D1793E77266D97926DFF54B16DA85C95967255D","False"
"r2-w5-313ac3377410478395221d4ddb24746d\payload\tests\native\CMakeLists.txt","6227","2026-09-17T12:34:58.0000000+08:00","18FBD8CA265F0325569E968940C5216E8F422AD8CB982CC76C5A550A83FE2D15","False"
"r2-w5-313ac3377410478395221d4ddb24746d\payload\tests\native\test_r2_w5_model.c","10935","2026-09-17T12:34:50.0000000+08:00","27BBD545B050025A24610553D1B663A30429861C51EA6126D119ADE6A13FA4E7","False"
"r2-w5-313ac3377410478395221d4ddb24746d\payload\tools\r2\verify_w5.ps1","9491","2026-09-17T12:36:08.0000000+08:00","AB39E2E6F1991191768747C40265C0FA3CFAC2E6C9B13EC4AE8D8E8B45D4C4E0","False"
"r2-w5-313ac3377410478395221d4ddb24746d\README.md","437","2026-09-17T12:37:28.0000000+08:00","17822620CD38320814454B933D5999A40F19A4EE468F94B0CAF084327B36175F","False"
"r2-w5-313ac3377410478395221d4ddb24746d\verification-summary.txt","455","2026-09-17T12:37:08.0000000+08:00","09A7DF358BEE7489120250BD2B7628AF93D6D3EC229037EC5762522AE05F3AE1","False"
"r2-w6-6776e333142640ee8510bb7e764e6404\install_r2_w6.ps1","8829","2026-09-17T13:27:32.0000000+08:00","7661391CA294857DD4997481DA9E26A9CBCFD4CCE8694873C63F9018E7F9C66B","False"
"r2-w6-6776e333142640ee8510bb7e764e6404\payload\docs\evidence\r2\w6\PLAN.md","4108","2026-09-17T13:25:20.0000000+08:00","F51A8B20CCA5033EA1FAED8BE86A2DC8FA2476025AF82A1E7E0951E1C954D85F","False"
"r2-w6-6776e333142640ee8510bb7e764e6404\payload\firmware\acquisition\r2_w6_guard.h","2392","2026-09-17T13:17:22.0000000+08:00","5AA5A03435B1E0A4ABEDAB7F04D63AD696E4CC751CA25A2D36B408E4075552C4","False"
"r2-w6-6776e333142640ee8510bb7e764e6404\payload\firmware\acquisition\r2_w6_matrix.c","41813","2026-09-17T13:18:44.0000000+08:00","2BD42D4B477D99030EAACF892354EDCBB13EADC9B4A667A963945329D705795D","False"
"r2-w6-6776e333142640ee8510bb7e764e6404\payload\firmware\acquisition\r2_w6_matrix.h","4158","2026-09-17T13:17:54.0000000+08:00","3AE0544E05E9DA0E2048B17D71B0259E9BA719BA70C9715D90215B087AC5716A","False"
"r2-w6-6776e333142640ee8510bb7e764e6404\payload\firmware\cubemx\CMakeLists.txt","7207","2026-09-17T13:21:18.0000000+08:00","31FB874FC7BC29A1F22873325CEF4384764E1EE457CF2746DFE9A32E6FB674BB","False"
"r2-w6-6776e333142640ee8510bb7e764e6404\payload\firmware\cubemx\Core\Inc\FreeRTOSConfig.h","4732","2026-09-17T13:21:32.0000000+08:00","7AD42D70F9E613A7DDC915C7C8D4D9EE61AF7BFB416CD184832A2CEDE3F33333","False"
"r2-w6-6776e333142640ee8510bb7e764e6404\payload\firmware\cubemx\Core\Src\main.c","11076","2026-09-17T13:21:32.0000000+08:00","C8E17E002496EB18D94D5C34475ACCC1AB59002B2445E30F43B057F711E6E9B9","False"
"r2-w6-6776e333142640ee8510bb7e764e6404\payload\firmware\cubemx\Core\Src\stm32f4xx_it.c","6406","2026-09-17T13:21:32.0000000+08:00","6D1DB15FE76DB016AD319A072FAF18F3729E961666F069EF7F56DF234C263698","False"
"r2-w6-6776e333142640ee8510bb7e764e6404\payload\tests\native\CMakeLists.txt","7651","2026-09-17T13:20:42.0000000+08:00","63893A3CE430CD6CC6FC5BA998B5A9B7F744A27DE555A305290F4751115A5587","False"
"r2-w6-6776e333142640ee8510bb7e764e6404\payload\tests\native\test_r2_w6_matrix.c","10010","2026-09-17T13:20:20.0000000+08:00","A2013BFD33B581A870D86A93EFAF7156DA507A9B414728457C801310A7DC44C9","False"
"r2-w6-6776e333142640ee8510bb7e764e6404\payload\tools\r2\verify_w6.ps1","11208","2026-09-17T13:24:28.0000000+08:00","D36DFCC3F0D9A44E85606E23634787C34E90AF459DEDFEA108D906C1DA4CF5E5","False"
"r2-w6-6776e333142640ee8510bb7e764e6404\README.txt","553","2026-09-17T13:30:48.0000000+08:00","E694D8D7BB0BBE4BD2B2464D1F002931D8393D8619725E389CA5D98973AE8BB4","False"
"r2-w6-6776e333142640ee8510bb7e764e6404\verification-summary.txt","1016","2026-09-17T13:30:48.0000000+08:00","34F83E63D432A38E5B3B35609203CF80B69F58A73613EE70B1994814F58778F4","False"
"stm32_handoff_capture.py","29592","2026-09-17T23:24:31.8805055+08:00","68E0CBCBDEFAA70F93075698678D3FD138B200290C2033EBA0CF5C84FEF667AF","True"
"stm32-handoff-20260917-232541-4289db94.zip","4286851","2026-09-17T23:26:42.9098689+08:00","ABFBDDF8CC0F84B07EBD142A476414C8F2D6358E3C92FFF0F51A49D0EED62D7B","True"
"stm32-handoff-20260917-232541-4289db94.zip.sha256.txt","110","2026-09-17T23:26:43.5007993+08:00","E7D9C6267DF007983423410A8B6CDF823EA6E7C04E1B83BAB1D8941FF0C4A7FF","True"
"stm32-handoff-20260917-232541-4289db94\baseline\HEAD\firmware\cubemx\CMakeLists.txt","5375","2026-09-17T23:26:18.5345086+08:00","A12AD2A41B5AE8FFEBD8C2FA961184276EBFA3F38184828D22B6A2543256CA67","False"
"stm32-handoff-20260917-232541-4289db94\baseline\HEAD\firmware\cubemx\Core\Inc\FreeRTOSConfig.h","4580","2026-09-17T23:26:18.9209947+08:00","3738BA40F56B3581DF408F13C34FD92D1187296CFDEC2FA96F05B4170E54DD21","False"
"stm32-handoff-20260917-232541-4289db94\baseline\HEAD\firmware\cubemx\Core\Src\main.c","10963","2026-09-17T23:26:19.2349785+08:00","55099CCE26939DAEB1C21F51351A81F1DD4EDBB5725040768442C06B5BDBECA0","False"
"stm32-handoff-20260917-232541-4289db94\baseline\HEAD\firmware\cubemx\Core\Src\stm32f4xx_it.c","6235","2026-09-17T23:26:19.5403352+08:00","45EBC35BF0E3F4052192E7EE6D1793E77266D97926DFF54B16DA85C95967255D","False"
"stm32-handoff-20260917-232541-4289db94\baseline\HEAD\tests\native\CMakeLists.txt","6227","2026-09-17T23:26:19.9019185+08:00","18FBD8CA265F0325569E968940C5216E8F422AD8CB982CC76C5A550A83FE2D15","False"
"stm32-handoff-20260917-232541-4289db94\build-evidence\build\r2-w5-native-403092f6\.ninja_log","1973","2026-09-17T23:26:20.2388645+08:00","18D13583FB916F3F7254B2AEF64129825826C635E3D77395401CD5300BB1B205","False"
"stm32-handoff-20260917-232541-4289db94\build-evidence\build\r2-w5-native-403092f6\build.ninja","38138","2026-09-17T23:26:20.2752665+08:00","2F1F3215BC2AF1AE172627E811972FBEF65A9F2D9F878E4649470D861964D815","False"
"stm32-handoff-20260917-232541-4289db94\build-evidence\build\r2-w5-native-403092f6\build.txt","11112","2026-09-17T23:26:20.3199914+08:00","5AA1D7C506710377C986B668E1203A9C950EB9976176FFAA210D51299D70C296","False"
"stm32-handoff-20260917-232541-4289db94\build-evidence\build\r2-w5-native-403092f6\cmake_install.cmake","1965","2026-09-17T23:26:20.5404442+08:00","6B75F9E9A20D2AC0FF753F2E80FD6BC13CAE92A7247418F62075A93A12C00877","False"
"stm32-handoff-20260917-232541-4289db94\build-evidence\build\r2-w5-native-403092f6\CMakeCache.txt","13722","2026-09-17T23:26:20.5837381+08:00","05245CA86DC6471D38055855D7886E0C7D610B5023B503C9DDF5D3E14F17367A","False"
"stm32-handoff-20260917-232541-4289db94\build-evidence\build\r2-w5-native-403092f6\CMakeFiles\3.31.12\CMakeCCompiler.cmake","3303","2026-09-17T23:26:22.8881595+08:00","62515EBBB94A69DC15A15C79949313F05EC9F8AAB101E5083C1B0CADFC87E9A1","False"
"stm32-handoff-20260917-232541-4289db94\build-evidence\build\r2-w5-native-403092f6\CMakeFiles\3.31.12\CMakeDetermineCompilerABI_C.bin","49664","2026-09-17T23:26:22.9209159+08:00","3B6FC39D9112CD10BE274B101A691C1A15B3D034CF889AFDBD886DED16B4D8DF","False"
"stm32-handoff-20260917-232541-4289db94\build-evidence\build\r2-w5-native-403092f6\CMakeFiles\3.31.12\CMakeRCCompiler.cmake","276","2026-09-17T23:26:23.1584241+08:00","F1C96E7B6BC035D04A44733638743F28BF70450E870A3095A55CFF6AD81924FA","False"
"stm32-handoff-20260917-232541-4289db94\build-evidence\build\r2-w5-native-403092f6\CMakeFiles\3.31.12\CMakeSystem.cmake","395","2026-09-17T23:26:23.1642063+08:00","CB655F074177502B26612FA979EE72C606731A0B59F300E936EBBA161D8CCE09","False"
"stm32-handoff-20260917-232541-4289db94\build-evidence\build\r2-w5-native-403092f6\CMakeFiles\CMakeConfigureLog.yaml","6611","2026-09-17T23:26:21.7587847+08:00","0C165ADB98C3E6B3E8C5198462EF8CF74EE731CF8BB6717858DDB7466FEED030","False"
"stm32-handoff-20260917-232541-4289db94\build-evidence\build\r2-w5-native-403092f6\CMakeFiles\rules.ninja","7296","2026-09-17T23:26:21.7916579+08:00","8425253280BDB990320893B62BA9D9776C2B8CB84F7854989CEBC1E13072F19D","False"
"stm32-handoff-20260917-232541-4289db94\build-evidence\build\r2-w5-native-403092f6\CMakeFiles\TargetDirectories.txt","703","2026-09-17T23:26:21.9475662+08:00","BDB6477AD41F97A0D501E232A57CCA35D345889A24FB8DD68F0F2863FCC41F05","False"
"stm32-handoff-20260917-232541-4289db94\build-evidence\build\r2-w5-native-403092f6\configure.txt","504","2026-09-17T23:26:20.6889516+08:00","8BB138F8651022D9E0874137B7E25CE848C0893F290B44898B9FA6A03EFA498D","False"
"stm32-handoff-20260917-232541-4289db94\build-evidence\build\r2-w5-native-403092f6\ctest.txt","9480","2026-09-17T23:26:20.7505357+08:00","781382B3C96185733A74ABE79C2BF937E6C6B2EABC02CB374D0D525806431F56","False"
"stm32-handoff-20260917-232541-4289db94\build-evidence\build\r2-w5-native-403092f6\CTestTestfile.cmake","30402","2026-09-17T23:26:20.7838486+08:00","0BF8DCE0942230675FD67AF17B039225B58115C8A34CBD5B872EBD4071138EA1","False"
"stm32-handoff-20260917-232541-4289db94\build-evidence\build\r2-w5-native-403092f6\test_r2_buffer_pool.exe.txt","40","2026-09-17T23:26:20.9916909+08:00","2281531B2067660E2502D02DF789C37DDE50149325FBEBF6C5866807DE9FBC5E","False"
"stm32-handoff-20260917-232541-4289db94\build-evidence\build\r2-w5-native-403092f6\test_r2_dma_slots.exe.txt","38","2026-09-17T23:26:21.1070804+08:00","AD3728EB0A82B4708BE9204A4A775CD9277DFA2E294D18B40F5CE4156E129695","False"
"stm32-handoff-20260917-232541-4289db94\build-evidence\build\r2-w5-native-403092f6\test_r2_w3_guard.exe.txt","65","2026-09-17T23:26:21.2036382+08:00","A91167DFAFF93C328695ADEF26F2DE566078CD5446A67EC76F6F8C4235693D37","False"
"stm32-handoff-20260917-232541-4289db94\build-evidence\build\r2-w5-native-403092f6\test_r2_w4_model.exe.txt","46","2026-09-17T23:26:21.3473257+08:00","1EC4261CC2677A583A2F62B4BE021B59CC6B8F5171105BE82C4BE8612510D83B","False"
"stm32-handoff-20260917-232541-4289db94\build-evidence\build\r2-w5-native-403092f6\test_r2_w5_model.exe.txt","49","2026-09-17T23:26:21.4874305+08:00","1A0DDAAF1F6108C15753F6EB31C18155B5656DB3BDABAC58A1D7CCEBF8871D7B","False"
"stm32-handoff-20260917-232541-4289db94\build-evidence\build\r2-w5-native-403092f6\Testing\Temporary\CTestCostData.txt","2746","2026-09-17T23:26:21.6027826+08:00","92DE4FB853001BEB31E80B5B77B7285771FA96BDB29A5F8F1BEE72163125AD91","False"
"stm32-handoff-20260917-232541-4289db94\build-evidence\build\r2-w5-native-403092f6\Testing\Temporary\LastTest.log","57557","2026-09-17T23:26:21.6322222+08:00","5545DC12FD6541261051CAA3A3A649BCB482275675FCAC0E8EBE768A156CBC37","False"
"stm32-handoff-20260917-232541-4289db94\build-evidence\build\r2-w5-native-403092f6\test-list.json","54750","2026-09-17T23:26:20.8661206+08:00","C212CCEBCD08E215C187C02BA62316C734EACD6837E86DD15F6446DC31C3EE41","False"
"stm32-handoff-20260917-232541-4289db94\build-evidence\build\r2-w5-native-403092f6\verification-summary.txt","288","2026-09-17T23:26:21.5816429+08:00","215F68A96B98F0653CF549525E840D2D42D86628F60C8EF2DA62D2BCF4BCD42A","False"
"stm32-handoff-20260917-232541-4289db94\build-evidence\build\r2-w5-r1baseline-230b5252\.ninja_log","4591","2026-09-17T23:26:23.2541121+08:00","4C6EE76561FBE74C61B5293646A035E5357FBBEA3F2CC75FFB758F3A137AFB3E","False"
"stm32-handoff-20260917-232541-4289db94\build-evidence\build\r2-w5-r1baseline-230b5252\build.ninja","90806","2026-09-17T23:26:23.2766749+08:00","3C4F82DA18ECBBA7FDA9295DD66E4A7F090C319882CA7930A9C9F011EF776CC8","False"
"stm32-handoff-20260917-232541-4289db94\build-evidence\build\r2-w5-r1baseline-230b5252\build.txt","54651","2026-09-17T23:26:23.3161084+08:00","BA3EA4BB186D7B3703D30E8CB86939CED8049C6D91E915992442E4D9D73FB828","False"
"stm32-handoff-20260917-232541-4289db94\build-evidence\build\r2-w5-r1baseline-230b5252\cmake\stm32cubemx\cmake_install.cmake","1596","2026-09-17T23:26:25.2150245+08:00","BC411A5DC6C9769786870894E574A1F5842DE32284DC16D726F23DFF9286246B","False"
"stm32-handoff-20260917-232541-4289db94\build-evidence\build\r2-w5-r1baseline-230b5252\cmake_install.cmake","2407","2026-09-17T23:26:23.3941238+08:00","EE3866458103DF074CF9BCD6B405F155E41A5CBE2E98AAE541F1523BF9BB916B","False"
"stm32-handoff-20260917-232541-4289db94\build-evidence\build\r2-w5-r1baseline-230b5252\CMakeCache.txt","17012","2026-09-17T23:26:23.4104085+08:00","075E304A1A14C214BE2F2808E071D9140AFD69ACA290C839AAC6EC63307E4EB3","False"
"stm32-handoff-20260917-232541-4289db94\build-evidence\build\r2-w5-r1baseline-230b5252\CMakeFiles\3.31.12\CMakeASMCompiler.cmake","1440","2026-09-17T23:26:24.9709208+08:00","FD91649A775E5D5CE3ED38BF6A52B716A514733FA23E444D935C47F799FBC2AE","False"
"stm32-handoff-20260917-232541-4289db94\build-evidence\build\r2-w5-r1baseline-230b5252\CMakeFiles\3.31.12\CMakeCCompiler.cmake","3497","2026-09-17T23:26:25.0136531+08:00","6BD8D76235774FB7B4B8EA07D54A4B4237B28D51D24E737ABF796DB5CF351CAA","False"
"stm32-handoff-20260917-232541-4289db94\build-evidence\build\r2-w5-r1baseline-230b5252\CMakeFiles\3.31.12\CMakeCXXCompiler.cmake","7545","2026-09-17T23:26:25.0583185+08:00","DC4D183724BE28F4D116B325D2919950A868A2193D55F247D664C095CC7D9405","False"
"stm32-handoff-20260917-232541-4289db94\build-evidence\build\r2-w5-r1baseline-230b5252\CMakeFiles\3.31.12\CMakeDetermineCompilerABI_C.bin","2092","2026-09-17T23:26:25.0904197+08:00","FE62CC23FD4F88962337CB50907ECF8CCD844318E311B88B6956D10F345F5ACF","False"
"stm32-handoff-20260917-232541-4289db94\build-evidence\build\r2-w5-r1baseline-230b5252\CMakeFiles\3.31.12\CMakeDetermineCompilerABI_CXX.bin","2116","2026-09-17T23:26:25.1332203+08:00","64AE5B95A8EBFF26576ECEACD22748752BF5DDE73A93AD727B5E6EDB50A90CB7","False"
"stm32-handoff-20260917-232541-4289db94\build-evidence\build\r2-w5-r1baseline-230b5252\CMakeFiles\3.31.12\CMakeSystem.cmake","456","2026-09-17T23:26:25.1530584+08:00","E8865BCE7DC5A1CAACD2F822FCED71B37D6BDB68CCC5FA889B8B309082AD7A4A","False"
"stm32-handoff-20260917-232541-4289db94\build-evidence\build\r2-w5-r1baseline-230b5252\CMakeFiles\clean_additional.cmake","180","2026-09-17T23:26:24.1609505+08:00","56662D7536D7A863CFA59B778E3FC87446C8F55DD9EBBBD52CAA4CB14B80F8B7","False"
"stm32-handoff-20260917-232541-4289db94\build-evidence\build\r2-w5-r1baseline-230b5252\CMakeFiles\CMakeConfigureLog.yaml","62065","2026-09-17T23:26:24.1915920+08:00","8B89EC9A55E7404DDF2BDD9040DDBDE930AC5D794CCDA3C5F02EF950595FC45B","False"
"stm32-handoff-20260917-232541-4289db94\build-evidence\build\r2-w5-r1baseline-230b5252\CMakeFiles\rules.ninja","3460","2026-09-17T23:26:24.2887513+08:00","833413A9D5F94438F15316EEA18C0A78B1D7415FB04BC0B547AF7118815D45DD","False"
"stm32-handoff-20260917-232541-4289db94\build-evidence\build\r2-w5-r1baseline-230b5252\CMakeFiles\TargetDirectories.txt","587","2026-09-17T23:26:24.3414543+08:00","1255C8B380DE8A9143820F399356FAA96406CFD708133274928D878EB52BC521","False"
"stm32-handoff-20260917-232541-4289db94\build-evidence\build\r2-w5-r1baseline-230b5252\compile_commands.json","55478","2026-09-17T23:26:23.5713771+08:00","6B16F8D8DC0573EA5A13BD348E39DF5AFF3DC402065FFEA091784775C34021BD","False"
"stm32-handoff-20260917-232541-4289db94\build-evidence\build\r2-w5-r1baseline-230b5252\configure.txt","1023","2026-09-17T23:26:23.6315066+08:00","6271389E32BB5415A6B8774AA8BEE9F74225A44BB772607688C4B4A83928A5E3","False"
"stm32-handoff-20260917-232541-4289db94\build-evidence\build\r2-w5-r1baseline-230b5252\cubemx.elf","1417336","2026-09-17T23:26:23.6927950+08:00","D67F36C87EC80C7970250643D91D912993BF0538089E278048493391A0262058","False"
"stm32-handoff-20260917-232541-4289db94\build-evidence\build\r2-w5-r1baseline-230b5252\cubemx.map","660999","2026-09-17T23:26:24.0157261+08:00","4C2D5925421511D43812241353CCE50F0C44E32279B316F3768013BEAD01880E","False"
"stm32-handoff-20260917-232541-4289db94\build-evidence\build\r2-w5-r1baseline-230b5252\elf.sha256","65","2026-09-17T23:26:24.0626306+08:00","30E8F95EFF6108AB85F469C5D6E1517E25B7B612FAA919EC8197583C8AC6748A","False"
"stm32-handoff-20260917-232541-4289db94\build-evidence\build\r2-w5-r1baseline-230b5252\symbols.txt","6788","2026-09-17T23:26:24.1067416+08:00","12A21D8AE5885B1878AC32B14798208BD6AED6E69E2A63B3A2FD98FCD48020EC","False"
"stm32-handoff-20260917-232541-4289db94\build-evidence\build\r2-w5-r1baseline-230b5252\verification-summary.txt","253","2026-09-17T23:26:24.1304424+08:00","D9D8FA6213E6AA3C415437C7A405227512CF6AC2147C6ABC9023E39C06BEB78C","False"
"stm32-handoff-20260917-232541-4289db94\build-evidence\build\r2-w5-w3regression-7949d275\.ninja_log","4737","2026-09-17T23:26:25.8034945+08:00","95C02E1B64CD21BF3748AF30A4B1D717F6F032B2078B25B9AB9F0BD0EEA8DF89","False"
"stm32-handoff-20260917-232541-4289db94\build-evidence\build\r2-w5-w3regression-7949d275\build.ninja","93947","2026-09-17T23:26:25.8283586+08:00","76D4E1345D8775DBAEDE23EB98C3C672B147442FCA05D69EAC087F9A2445EE0A","False"
"stm32-handoff-20260917-232541-4289db94\build-evidence\build\r2-w5-w3regression-7949d275\build.txt","57642","2026-09-17T23:26:25.8733696+08:00","084293DDB49AB70B4734F5AAE3E3136A64EA62031FFB365D38E37C551BF4BF3B","False"
"stm32-handoff-20260917-232541-4289db94\build-evidence\build\r2-w5-w3regression-7949d275\cmake\stm32cubemx\cmake_install.cmake","1598","2026-09-17T23:26:28.9624749+08:00","A4C15CA0D025736D8F54BD9D429DA5326C10E031CE0C2EF54FEF8804EFFA396B","False"
"stm32-handoff-20260917-232541-4289db94\build-evidence\build\r2-w5-w3regression-7949d275\cmake_install.cmake","2413","2026-09-17T23:26:25.9134737+08:00","105BC02A5DBF37E4BDF0307D81178E594883381032A21071F70843434F69FF0C","False"
"stm32-handoff-20260917-232541-4289db94\build-evidence\build\r2-w5-w3regression-7949d275\CMakeCache.txt","17019","2026-09-17T23:26:25.9335468+08:00","402F22E3F3642B66ABB537DBDB33B9396540FDA0A68CCA4C9C1F4D8B99CD2F07","False"
"stm32-handoff-20260917-232541-4289db94\build-evidence\build\r2-w5-w3regression-7949d275\CMakeFiles\3.31.12\CMakeASMCompiler.cmake","1440","2026-09-17T23:26:28.6009843+08:00","FD91649A775E5D5CE3ED38BF6A52B716A514733FA23E444D935C47F799FBC2AE","False"
"stm32-handoff-20260917-232541-4289db94\build-evidence\build\r2-w5-w3regression-7949d275\CMakeFiles\3.31.12\CMakeCCompiler.cmake","3497","2026-09-17T23:26:28.6947474+08:00","6BD8D76235774FB7B4B8EA07D54A4B4237B28D51D24E737ABF796DB5CF351CAA","False"
"stm32-handoff-20260917-232541-4289db94\build-evidence\build\r2-w5-w3regression-7949d275\CMakeFiles\3.31.12\CMakeCXXCompiler.cmake","7545","2026-09-17T23:26:28.7540150+08:00","DC4D183724BE28F4D116B325D2919950A868A2193D55F247D664C095CC7D9405","False"
"stm32-handoff-20260917-232541-4289db94\build-evidence\build\r2-w5-w3regression-7949d275\CMakeFiles\3.31.12\CMakeDetermineCompilerABI_C.bin","2092","2026-09-17T23:26:28.7833647+08:00","4AFE0541BFB2A174F97F0C4FC1239912BBF267B322DAFDE82591F57B50510C1E","False"
"stm32-handoff-20260917-232541-4289db94\build-evidence\build\r2-w5-w3regression-7949d275\CMakeFiles\3.31.12\CMakeDetermineCompilerABI_CXX.bin","2116","2026-09-17T23:26:28.8487203+08:00","00E4A5104D8595A2D26E17E56A79A0647D9076C69DFDAAA07452A06C8557097B","False"
"stm32-handoff-20260917-232541-4289db94\build-evidence\build\r2-w5-w3regression-7949d275\CMakeFiles\3.31.12\CMakeSystem.cmake","456","2026-09-17T23:26:28.8637104+08:00","E8865BCE7DC5A1CAACD2F822FCED71B37D6BDB68CCC5FA889B8B309082AD7A4A","False"
"stm32-handoff-20260917-232541-4289db94\build-evidence\build\r2-w5-w3regression-7949d275\CMakeFiles\clean_additional.cmake","180","2026-09-17T23:26:26.2874018+08:00","56662D7536D7A863CFA59B778E3FC87446C8F55DD9EBBBD52CAA4CB14B80F8B7","False"
"stm32-handoff-20260917-232541-4289db94\build-evidence\build\r2-w5-w3regression-7949d275\CMakeFiles\CMakeConfigureLog.yaml","62085","2026-09-17T23:26:26.3286875+08:00","9C4EC5725D99643FB9BC1DFDF13E49D62EE01E30FF117BF296C8BD58DF7B1BF4","False"
"stm32-handoff-20260917-232541-4289db94\build-evidence\build\r2-w5-w3regression-7949d275\CMakeFiles\rules.ninja","3462","2026-09-17T23:26:26.4090062+08:00","1529F51AFCF20E08A967E34A8A187A67B5D2373F5A3D32647F2393BA10A63C24","False"
"stm32-handoff-20260917-232541-4289db94\build-evidence\build\r2-w5-w3regression-7949d275\CMakeFiles\TargetDirectories.txt","599","2026-09-17T23:26:26.4513111+08:00","D98CBEE538E8CFB1831D308355EF38E9CBB331C4C469E63779FA86D77D22F069","False"
"stm32-handoff-20260917-232541-4289db94\build-evidence\build\r2-w5-w3regression-7949d275\compile_commands.json","58557","2026-09-17T23:26:25.9810507+08:00","7A171C28741899647FF2BF0D3EBE2D867745B6EA097625415DFA572DCEB25CA5","False"
"stm32-handoff-20260917-232541-4289db94\build-evidence\build\r2-w5-w3regression-7949d275\configure.txt","1025","2026-09-17T23:26:26.0102015+08:00","F81CA1DBCFDCFD93BC54F1494A2A4593FAF8CBAC222ABA241F39225B907B7EB7","False"
"stm32-handoff-20260917-232541-4289db94\build-evidence\build\r2-w5-w3regression-7949d275\cubemx.elf","1423856","2026-09-17T23:26:26.0864551+08:00","60073BADBA98558777C8F459BE1BA153292A1BE714F37716D7513CED1C2731D7","False"
"stm32-handoff-20260917-232541-4289db94\build-evidence\build\r2-w5-w3regression-7949d275\cubemx.map","662326","2026-09-17T23:26:26.1704754+08:00","A9322C9CE9C46E4F22887DA82AEF1AE68AB25762685B5A8D4C37DDFFE235C954","False"
"stm32-handoff-20260917-232541-4289db94\build-evidence\build\r2-w5-w3regression-7949d275\elf.sha256","65","2026-09-17T23:26:26.1969990+08:00","85966B0EA410DC97175B6932F377643178511F4D6BCC0402A0CD3D9B22CDFC6F","False"
"stm32-handoff-20260917-232541-4289db94\build-evidence\build\r2-w5-w3regression-7949d275\symbols.txt","7087","2026-09-17T23:26:26.2246630+08:00","CEBAACEDF2B35AEA551F84167F7A91E3FE13B846E0C130C3CF478B85CAFAA638","False"
"stm32-handoff-20260917-232541-4289db94\build-evidence\build\r2-w5-w3regression-7949d275\verification-summary.txt","257","2026-09-17T23:26:26.2446434+08:00","4FC663692F39F83544F6BAF042D4C4C1B871A0B1C616E651D112055BB4B94C0C","False"
"stm32-handoff-20260917-232541-4289db94\build-evidence\build\r2-w5-w4regression-c424aaf2\.ninja_log","4743","2026-09-17T23:26:29.4621310+08:00","17FC92181DD1C7D86A27C7B0CA40D06E6F033EE8944959080611780D356BD2DD","False"
"stm32-handoff-20260917-232541-4289db94\build-evidence\build\r2-w5-w4regression-c424aaf2\build.ninja","93959","2026-09-17T23:26:29.4793803+08:00","CE78E180C7996D0A413FE991452B01037CA7C2687FB819EFA3B0B69E844589CB","False"
"stm32-handoff-20260917-232541-4289db94\build-evidence\build\r2-w5-w4regression-c424aaf2\build.txt","57657","2026-09-17T23:26:29.5028053+08:00","B3D9BACAF48C32332FF4406E9C7CD3B67DA3584173E8B03FD9306BF430F00806","False"
"stm32-handoff-20260917-232541-4289db94\build-evidence\build\r2-w5-w4regression-c424aaf2\cmake\stm32cubemx\cmake_install.cmake","1598","2026-09-17T23:26:30.7168263+08:00","61D7DB415EAE727AF94D32036969A85BDB5E69993FB2673F83C65EA7B0C4017C","False"
"stm32-handoff-20260917-232541-4289db94\build-evidence\build\r2-w5-w4regression-c424aaf2\cmake_install.cmake","2413","2026-09-17T23:26:29.5791963+08:00","D480FDDF244421954BA9A7D22726540097572A6A53839CC07143844338F9EF2C","False"
"stm32-handoff-20260917-232541-4289db94\build-evidence\build\r2-w5-w4regression-c424aaf2\CMakeCache.txt","17019","2026-09-17T23:26:29.5956652+08:00","75BF26FC74DC3393463B1BBB7A2DCB1CA689DE96F40B6701CA8A4EED261A406C","False"
"stm32-handoff-20260917-232541-4289db94\build-evidence\build\r2-w5-w4regression-c424aaf2\CMakeFiles\3.31.12\CMakeASMCompiler.cmake","1440","2026-09-17T23:26:30.5059864+08:00","FD91649A775E5D5CE3ED38BF6A52B716A514733FA23E444D935C47F799FBC2AE","False"
"stm32-handoff-20260917-232541-4289db94\build-evidence\build\r2-w5-w4regression-c424aaf2\CMakeFiles\3.31.12\CMakeCCompiler.cmake","3497","2026-09-17T23:26:30.5278778+08:00","6BD8D76235774FB7B4B8EA07D54A4B4237B28D51D24E737ABF796DB5CF351CAA","False"
"stm32-handoff-20260917-232541-4289db94\build-evidence\build\r2-w5-w4regression-c424aaf2\CMakeFiles\3.31.12\CMakeCXXCompiler.cmake","7545","2026-09-17T23:26:30.5513036+08:00","DC4D183724BE28F4D116B325D2919950A868A2193D55F247D664C095CC7D9405","False"
"stm32-handoff-20260917-232541-4289db94\build-evidence\build\r2-w5-w4regression-c424aaf2\CMakeFiles\3.31.12\CMakeDetermineCompilerABI_C.bin","2092","2026-09-17T23:26:30.5673184+08:00","3034E6FD4FC8B72D8A2AC9D4166DE4C406CC6EEFDE607E0BE00D9E0864B5F983","False"
"stm32-handoff-20260917-232541-4289db94\build-evidence\build\r2-w5-w4regression-c424aaf2\CMakeFiles\3.31.12\CMakeDetermineCompilerABI_CXX.bin","2116","2026-09-17T23:26:30.5841349+08:00","1FD49D78A4BEEE5B71607C87EC4540575D327E238CC261F81D052FA007B6E985","False"
"stm32-handoff-20260917-232541-4289db94\build-evidence\build\r2-w5-w4regression-c424aaf2\CMakeFiles\3.31.12\CMakeSystem.cmake","456","2026-09-17T23:26:30.5921263+08:00","E8865BCE7DC5A1CAACD2F822FCED71B37D6BDB68CCC5FA889B8B309082AD7A4A","False"
"stm32-handoff-20260917-232541-4289db94\build-evidence\build\r2-w5-w4regression-c424aaf2\CMakeFiles\clean_additional.cmake","180","2026-09-17T23:26:29.9849487+08:00","56662D7536D7A863CFA59B778E3FC87446C8F55DD9EBBBD52CAA4CB14B80F8B7","False"
"stm32-handoff-20260917-232541-4289db94\build-evidence\build\r2-w5-w4regression-c424aaf2\CMakeFiles\CMakeConfigureLog.yaml","62085","2026-09-17T23:26:30.0305410+08:00","7F29AFD0F6F2B3E2F1EC8008EC49FFECD3ABC883957BA240A2DB1164F58472E4","False"
"stm32-handoff-20260917-232541-4289db94\build-evidence\build\r2-w5-w4regression-c424aaf2\CMakeFiles\rules.ninja","3462","2026-09-17T23:26:30.0911551+08:00","0190535AF166A553954367F3A3A3E03935D4B0809DEB8B4DE26C4552600E82BD","False"
"stm32-handoff-20260917-232541-4289db94\build-evidence\build\r2-w5-w4regression-c424aaf2\CMakeFiles\TargetDirectories.txt","599","2026-09-17T23:26:30.1085848+08:00","D676871ED2176888329D0C9A59A8E56CF50D0C0E59FB486D96E2528ECC5263D0","False"
"stm32-handoff-20260917-232541-4289db94\build-evidence\build\r2-w5-w4regression-c424aaf2\compile_commands.json","58569","2026-09-17T23:26:29.6431023+08:00","2CEFEB7AC5EE15CB47E6C76E1D02F8F7E5AFF455311878787A02C96699ADDAC3","False"
"stm32-handoff-20260917-232541-4289db94\build-evidence\build\r2-w5-w4regression-c424aaf2\configure.txt","1025","2026-09-17T23:26:29.7006640+08:00","48223910E05A863169D7B416D89424704089DEFAA64DCFF6693F2F2547E273A3","False"
"stm32-handoff-20260917-232541-4289db94\build-evidence\build\r2-w5-w4regression-c424aaf2\cubemx.elf","1459848","2026-09-17T23:26:29.7434311+08:00","8908F80C6731E863D6EF7E7348DE3EEB44D3611329C6EDB9AE69AF53E80E27C8","False"
"stm32-handoff-20260917-232541-4289db94\build-evidence\build\r2-w5-w4regression-c424aaf2\cubemx.map","667762","2026-09-17T23:26:29.8141019+08:00","9F5ECD629E45E01E6F851FF504BA0F699DC1784795B1868C4C51E96F5AA27ECA","False"
"stm32-handoff-20260917-232541-4289db94\build-evidence\build\r2-w5-w4regression-c424aaf2\elf.sha256","65","2026-09-17T23:26:29.8651140+08:00","3890AC43A36D6DAADA405B5975472E33B867CB553419B50D34342AA83FC9E5CB","False"
"stm32-handoff-20260917-232541-4289db94\build-evidence\build\r2-w5-w4regression-c424aaf2\symbols.txt","7979","2026-09-17T23:26:29.9134823+08:00","0693D707E2F8352366DA06CE4F34E146FB38BC3A688E542B479E1D1631B31331","False"
"stm32-handoff-20260917-232541-4289db94\build-evidence\build\r2-w5-w4regression-c424aaf2\verification-summary.txt","257","2026-09-17T23:26:29.9591700+08:00","EC34CB1660C4CE5B7D632DAA3810B39702FDA145D7D10E9372A71A30F0AB3B0B","False"
"stm32-handoff-20260917-232541-4289db94\build-evidence\build\r2-w5-w5target-c4b79468\.ninja_log","4777","2026-09-17T23:26:31.3564160+08:00","3222A5F9DAFF2FA6FE907A3A85D21EB6529C4D68BA1B95634A87B6803207443F","False"
"stm32-handoff-20260917-232541-4289db94\build-evidence\build\r2-w5-w5target-c4b79468\build.ninja","93911","2026-09-17T23:26:31.3917507+08:00","DA1EAC144426C14669BD2A42F5F4D580020076CCE2C18951D922DD6285621AD0","False"
"stm32-handoff-20260917-232541-4289db94\build-evidence\build\r2-w5-w5target-c4b79468\build.txt","57648","2026-09-17T23:26:31.4416224+08:00","037EE0F45F890150F0F27DCF127A08F079118F3072A61D9373490DCDDB5B7291","False"
"stm32-handoff-20260917-232541-4289db94\build-evidence\build\r2-w5-w5target-c4b79468\cmake\stm32cubemx\cmake_install.cmake","1594","2026-09-17T23:26:33.6195504+08:00","D8E3041CBC585545F070496A5AC84692E3DEC19E7F429ECB8CE85EED69F756D3","False"
"stm32-handoff-20260917-232541-4289db94\build-evidence\build\r2-w5-w5target-c4b79468\cmake_install.cmake","2401","2026-09-17T23:26:31.5907200+08:00","65E013B2D2C658A2AF9670B496E5F996DA1F9C885269C9518D3DFC5E7B911351","False"
"stm32-handoff-20260917-232541-4289db94\build-evidence\build\r2-w5-w5target-c4b79468\CMakeCache.txt","17003","2026-09-17T23:26:31.6316390+08:00","5F42F66F006ECD59E3346CB682559828966BA0CA9949820C08691A688716C389","False"
"stm32-handoff-20260917-232541-4289db94\build-evidence\build\r2-w5-w5target-c4b79468\CMakeFiles\3.31.12\CMakeASMCompiler.cmake","1440","2026-09-17T23:26:33.2861108+08:00","FD91649A775E5D5CE3ED38BF6A52B716A514733FA23E444D935C47F799FBC2AE","False"
"stm32-handoff-20260917-232541-4289db94\build-evidence\build\r2-w5-w5target-c4b79468\CMakeFiles\3.31.12\CMakeCCompiler.cmake","3497","2026-09-17T23:26:33.3346180+08:00","6BD8D76235774FB7B4B8EA07D54A4B4237B28D51D24E737ABF796DB5CF351CAA","False"
"stm32-handoff-20260917-232541-4289db94\build-evidence\build\r2-w5-w5target-c4b79468\CMakeFiles\3.31.12\CMakeCXXCompiler.cmake","7545","2026-09-17T23:26:33.3616602+08:00","DC4D183724BE28F4D116B325D2919950A868A2193D55F247D664C095CC7D9405","False"
"stm32-handoff-20260917-232541-4289db94\build-evidence\build\r2-w5-w5target-c4b79468\CMakeFiles\3.31.12\CMakeDetermineCompilerABI_C.bin","2092","2026-09-17T23:26:33.3913727+08:00","6EC6A639343D037845F39F7C9E5B912E91618C7B4FEEAAE56CFA53CE0788C65C","False"
"stm32-handoff-20260917-232541-4289db94\build-evidence\build\r2-w5-w5target-c4b79468\CMakeFiles\3.31.12\CMakeDetermineCompilerABI_CXX.bin","2116","2026-09-17T23:26:33.4234096+08:00","754BB28494B3FC9250C0E5793F92F921AD755B1F329AAC2ED7A9EED3F2F6E753","False"
"stm32-handoff-20260917-232541-4289db94\build-evidence\build\r2-w5-w5target-c4b79468\CMakeFiles\3.31.12\CMakeSystem.cmake","456","2026-09-17T23:26:33.4321419+08:00","E8865BCE7DC5A1CAACD2F822FCED71B37D6BDB68CCC5FA889B8B309082AD7A4A","False"
"stm32-handoff-20260917-232541-4289db94\build-evidence\build\r2-w5-w5target-c4b79468\CMakeFiles\clean_additional.cmake","180","2026-09-17T23:26:32.2569306+08:00","56662D7536D7A863CFA59B778E3FC87446C8F55DD9EBBBD52CAA4CB14B80F8B7","False"
"stm32-handoff-20260917-232541-4289db94\build-evidence\build\r2-w5-w5target-c4b79468\CMakeFiles\CMakeConfigureLog.yaml","62045","2026-09-17T23:26:32.3249408+08:00","07078C2311A2DA9491B3D4EC9A6AA313F8A52800C1DC4DBF55706F6479B00FAF","False"
"stm32-handoff-20260917-232541-4289db94\build-evidence\build\r2-w5-w5target-c4b79468\CMakeFiles\rules.ninja","3458","2026-09-17T23:26:32.3793267+08:00","9BF6AEAE804B0E22919AFE7E03C42132D28E47F62C946A432E68EB7D98AA9096","False"
"stm32-handoff-20260917-232541-4289db94\build-evidence\build\r2-w5-w5target-c4b79468\CMakeFiles\TargetDirectories.txt","575","2026-09-17T23:26:32.3973924+08:00","52DE3E87A0C557325E2A86924184CF6163D082DC55812A143A53724E701AB377","False"
"stm32-handoff-20260917-232541-4289db94\build-evidence\build\r2-w5-w5target-c4b79468\compile_commands.json","58425","2026-09-17T23:26:31.6812483+08:00","984AA0DDBD57268D888E497663D0F1A183307519DB204C5EFD97A20AAB4BBD89","False"
"stm32-handoff-20260917-232541-4289db94\build-evidence\build\r2-w5-w5target-c4b79468\configure.txt","1021","2026-09-17T23:26:31.7498656+08:00","E4DCE85773D686D9526130322CBA3A9C28CD446DB3710811473F2ECC69DC7CAF","False"
"stm32-handoff-20260917-232541-4289db94\build-evidence\build\r2-w5-w5target-c4b79468\cubemx.elf","1461688","2026-09-17T23:26:31.8357352+08:00","301417FD7E57F3B74927286F37359035D8FF932CDEA526775E6FB9F243E4DEAE","False"
"stm32-handoff-20260917-232541-4289db94\build-evidence\build\r2-w5-w5target-c4b79468\cubemx.map","667581","2026-09-17T23:26:31.9002116+08:00","BC260E2349BCEB0B6DA9D1B7D9EA893362A294E65258B3C71539FA41C08CEC1F","False"
"stm32-handoff-20260917-232541-4289db94\build-evidence\build\r2-w5-w5target-c4b79468\elf.sha256","65","2026-09-17T23:26:31.9224425+08:00","82AF330E399F523DB85923D0D851A0130ED80FAB4250276EB22800AF8902F16D","False"
"stm32-handoff-20260917-232541-4289db94\build-evidence\build\r2-w5-w5target-c4b79468\hardware-classification.txt","1487","2026-09-17T23:26:31.9619814+08:00","FC03FEC5F8A8FEA6982B164C80848E24C16F8DB1FD7FC057C3A9321F4426690B","False"
"stm32-handoff-20260917-232541-4289db94\build-evidence\build\r2-w5-w5target-c4b79468\hardware-flash.stderr.txt","0","2026-09-17T23:26:31.9703326+08:00","E3B0C44298FC1C149AFBF4C8996FB92427AE41E4649B934CA495991B7852B855","False"
"stm32-handoff-20260917-232541-4289db94\build-evidence\build\r2-w5-w5target-c4b79468\hardware-flash.stdout.txt","1315","2026-09-17T23:26:31.9851927+08:00","3E5B9D7D5C50255A2791EB10F600E01331C75334F766EF7A58C6271FBA542AC6","False"
"stm32-handoff-20260917-232541-4289db94\build-evidence\build\r2-w5-w5target-c4b79468\hardware-gdbserver.stderr.txt","0","2026-09-17T23:26:32.0038488+08:00","E3B0C44298FC1C149AFBF4C8996FB92427AE41E4649B934CA495991B7852B855","False"
"stm32-handoff-20260917-232541-4289db94\build-evidence\build\r2-w5-w5target-c4b79468\hardware-gdbserver.stdout.txt","553","2026-09-17T23:26:32.0092839+08:00","2634C40E691B9D3C08B9411D1BF9A1ED4066369F0D87D91162544E54C6079D0A","False"
"stm32-handoff-20260917-232541-4289db94\build-evidence\build\r2-w5-w5target-c4b79468\hardware-inspection.gdb","154467","2026-09-17T23:26:32.0423618+08:00","7BC9DB41C3575B284765022C22FA401A6E1869433C2707C83BFFA563392748DC","False"
"stm32-handoff-20260917-232541-4289db94\build-evidence\build\r2-w5-w5target-c4b79468\hardware-inspection.stderr.txt","139","2026-09-17T23:26:32.1003335+08:00","4A928CFE5F85061B67863A67ED198E86C62654B4FBD0496E56589BF4B68177BF","False"
"stm32-handoff-20260917-232541-4289db94\build-evidence\build\r2-w5-w5target-c4b79468\hardware-inspection.txt","47516","2026-09-17T23:26:32.1529157+08:00","5F63280612B60A9C92E282362F2DF9C58D48530FC67AED29BE3511AF9E2005B3","False"
"stm32-handoff-20260917-232541-4289db94\build-evidence\build\r2-w5-w5target-c4b79468\hardware-trace.csv","2918","2026-09-17T23:26:32.1813219+08:00","DB54B37357C097CD2EB642788ACEFA0C0A7BE7A2C6B2F4D6B0B9C908516B4251","False"
"stm32-handoff-20260917-232541-4289db94\build-evidence\build\r2-w5-w5target-c4b79468\symbols.txt","7979","2026-09-17T23:26:32.1875087+08:00","2EF206EB4C911BA0A60CE5D4B42C8CEC177991995AD6DAED3307B127F595A053","False"
"stm32-handoff-20260917-232541-4289db94\build-evidence\build\r2-w5-w5target-c4b79468\verification-summary.txt","249","2026-09-17T23:26:32.2047260+08:00","42289D5BF4FBB0431EF5D929AB906FDF504D981EFF84B9A95B358AAB72363C65","False"
"stm32-handoff-20260917-232541-4289db94\build-evidence\directory-index.json","6276","2026-09-17T23:26:34.6704427+08:00","7965E1FE249D3767F76FB8A43F44D709702EC6B82DC138FDD00540C526D51324","False"
"stm32-handoff-20260917-232541-4289db94\collector\stm32_handoff_capture.py","29592","2026-09-17T23:25:54.8092949+08:00","68E0CBCBDEFAA70F93075698678D3FD138B200290C2033EBA0CF5C84FEF667AF","False"
"stm32-handoff-20260917-232541-4289db94\copy-integrity.json","283262","2026-09-17T23:26:39.8446324+08:00","2550E8E1713A4DA4B6A19586237608A8CEC872C734D4763FB70A5349422221AA","False"
"stm32-handoff-20260917-232541-4289db94\git\after.json","18439","2026-09-17T23:26:39.8263988+08:00","E295A4674DAC2EB99008E4A431E5215211FD32C6EFDB29EA53AA084F36DCD4C8","False"
"stm32-handoff-20260917-232541-4289db94\git\before.json","18439","2026-09-17T23:26:39.8243630+08:00","E295A4674DAC2EB99008E4A431E5215211FD32C6EFDB29EA53AA084F36DCD4C8","False"
"stm32-handoff-20260917-232541-4289db94\git\changed-tracked-paths.json","206","2026-09-17T23:26:18.4154548+08:00","946D9CB6C488241199C21E15D1B149E3E77D609EACA94F81509440605D3CBE09","False"
"stm32-handoff-20260917-232541-4289db94\git\command-index.json","26202","2026-09-17T23:26:39.8477271+08:00","64150BEB19A9805A337CED086244D9CB472DEA414CAE71299110472882E0CEFC","False"
"stm32-handoff-20260917-232541-4289db94\git\commands\001-repository-root.json","635","2026-09-17T23:25:41.9762637+08:00","EDAC1600B8F7E797003D10921E0F1243130524708B81C67576A7F0AE1F3CF07A","False"
"stm32-handoff-20260917-232541-4289db94\git\commands\001-repository-root.stderr","0","2026-09-17T23:25:41.2841981+08:00","E3B0C44298FC1C149AFBF4C8996FB92427AE41E4649B934CA495991B7852B855","False"
"stm32-handoff-20260917-232541-4289db94\git\commands\001-repository-root.stdout","29","2026-09-17T23:25:41.9373974+08:00","A90DADCA0A9FFEA6C80652DC1C6096215C467327B1FB4718D987C60C0279481C","False"
"stm32-handoff-20260917-232541-4289db94\git\commands\002-before-head.json","616","2026-09-17T23:25:42.2168425+08:00","2FE4BC81FDD387A8491D12F18F9475B5481405603B786C5903281EA25E0CB70C","False"
"stm32-handoff-20260917-232541-4289db94\git\commands\002-before-head.stderr","0","2026-09-17T23:25:42.0285130+08:00","E3B0C44298FC1C149AFBF4C8996FB92427AE41E4649B934CA495991B7852B855","False"
"stm32-handoff-20260917-232541-4289db94\git\commands\002-before-head.stdout","41","2026-09-17T23:25:42.2041598+08:00","24A5C03E8864046270E4B910F32E80568719D0553A6E1313B65F4CFE40A3C81D","False"
"stm32-handoff-20260917-232541-4289db94\git\commands\003-before-status.json","668","2026-09-17T23:25:42.8873739+08:00","3958E6295DC50B8BCB25968686BAC7E846A2BD3372F60BC1C7DCF73557DED555","False"
"stm32-handoff-20260917-232541-4289db94\git\commands\003-before-status.stderr","0","2026-09-17T23:25:42.2374492+08:00","E3B0C44298FC1C149AFBF4C8996FB92427AE41E4649B934CA495991B7852B855","False"
"stm32-handoff-20260917-232541-4289db94\git\commands\003-before-status.stdout","397","2026-09-17T23:25:42.8794008+08:00","1F9E62ED0F0741EC86B4C870F326959C84AE236805EEDB86B358BDCBEFD1DCA6","False"
"stm32-handoff-20260917-232541-4289db94\git\commands\004-before-status-readable.json","685","2026-09-17T23:25:43.0313641+08:00","67DEA9E3D420F92325CA9437A1D26DED8BDFDCD60E309865AF640B8D983D5632","False"
"stm32-handoff-20260917-232541-4289db94\git\commands\004-before-status-readable.stderr","0","2026-09-17T23:25:42.9383355+08:00","E3B0C44298FC1C149AFBF4C8996FB92427AE41E4649B934CA495991B7852B855","False"
"stm32-handoff-20260917-232541-4289db94\git\commands\004-before-status-readable.stdout","419","2026-09-17T23:25:43.0245173+08:00","BC64318198B32518CE4A599D2A5337C607C7B62F0EDCB05CFD7321EE4145B923","False"
"stm32-handoff-20260917-232541-4289db94\git\commands\005-before-refs.json","725","2026-09-17T23:25:43.2503034+08:00","09C33B1BDB082E0ADF0FA933EA95824763D8C4E6B6282CAB56C313E439819204","False"
"stm32-handoff-20260917-232541-4289db94\git\commands\005-before-refs.stderr","0","2026-09-17T23:25:43.0712656+08:00","E3B0C44298FC1C149AFBF4C8996FB92427AE41E4649B934CA495991B7852B855","False"
"stm32-handoff-20260917-232541-4289db94\git\commands\005-before-refs.stdout","553","2026-09-17T23:25:43.2357992+08:00","5D8512478C8DDFB98FA04BB4D723B9C126A6CA65340C407C44D466EBABE40982","False"
"stm32-handoff-20260917-232541-4289db94\git\commands\006-before-tracked.json","636","2026-09-17T23:25:43.5053725+08:00","7D295E43D74CAA03DC84E62CE0CA53FB811B6968D4EF83D847662396AA30837E","False"
"stm32-handoff-20260917-232541-4289db94\git\commands\006-before-tracked.stderr","0","2026-09-17T23:25:43.3620578+08:00","E3B0C44298FC1C149AFBF4C8996FB92427AE41E4649B934CA495991B7852B855","False"
"stm32-handoff-20260917-232541-4289db94\git\commands\006-before-tracked.stdout","15362","2026-09-17T23:25:43.4940141+08:00","BE0D07625C5290BF363938BF06D6F4916C2E8B51FAD8A0FF6D08E0CEFB8662B1","False"
"stm32-handoff-20260917-232541-4289db94\git\commands\007-before-untracked.json","667","2026-09-17T23:25:43.6032097+08:00","1C859751B628158F369CA6C4B02C6FB7DCB1B168D150441A8DB400E8BD6FB2EC","False"
"stm32-handoff-20260917-232541-4289db94\git\commands\007-before-untracked.stderr","0","2026-09-17T23:25:43.5465860+08:00","E3B0C44298FC1C149AFBF4C8996FB92427AE41E4649B934CA495991B7852B855","False"
"stm32-handoff-20260917-232541-4289db94\git\commands\007-before-untracked.stdout","191","2026-09-17T23:25:43.5955718+08:00","F009AE812A0838EA94825D2590D5A018E296775988A85D637887CAA73B7B4097","False"
"stm32-handoff-20260917-232541-4289db94\git\commands\008-before-index-path.json","648","2026-09-17T23:25:43.6899452+08:00","24E1BE67838E51CC0FB59420CD402A56E34FFBC31AA2227490541D9851A9D7F3","False"
"stm32-handoff-20260917-232541-4289db94\git\commands\008-before-index-path.stderr","0","2026-09-17T23:25:43.6286144+08:00","E3B0C44298FC1C149AFBF4C8996FB92427AE41E4649B934CA495991B7852B855","False"
"stm32-handoff-20260917-232541-4289db94\git\commands\008-before-index-path.stdout","11","2026-09-17T23:25:43.6841081+08:00","742E1586A644AF64934A892663D03C75415BFB01EDAFDFDD924A8627573BFB9C","False"
"stm32-handoff-20260917-232541-4289db94\git\commands\009-recent-commits.json","674","2026-09-17T23:25:44.0311810+08:00","B0B46E92E56396189D92B64EC80B1206D4D1FC8032F9D81DB89E5B73A4F21786","False"
"stm32-handoff-20260917-232541-4289db94\git\commands\009-recent-commits.stderr","0","2026-09-17T23:25:43.7400941+08:00","E3B0C44298FC1C149AFBF4C8996FB92427AE41E4649B934CA495991B7852B855","False"
"stm32-handoff-20260917-232541-4289db94\git\commands\009-recent-commits.stdout","2200","2026-09-17T23:25:44.0192430+08:00","828D0A90637C7FC28B4C54E8635C9BF5A93F066AA8428F3CA0375CAE377E830A","False"
"stm32-handoff-20260917-232541-4289db94\git\commands\010-index-entries.json","622","2026-09-17T23:25:44.1283630+08:00","F56BAC80288DDB07A7B3051B2FCF7077CCBF193F69D5B653C5E6053BAD361DCA","False"
"stm32-handoff-20260917-232541-4289db94\git\commands\010-index-entries.stderr","0","2026-09-17T23:25:44.0772999+08:00","E3B0C44298FC1C149AFBF4C8996FB92427AE41E4649B934CA495991B7852B855","False"
"stm32-handoff-20260917-232541-4289db94\git\commands\010-index-entries.stdout","30312","2026-09-17T23:25:44.1213056+08:00","7C9EE016439796078CADD7C6E38315EE799D62FCBD121387158EF0BFCD5184EB","False"
"stm32-handoff-20260917-232541-4289db94\git\commands\011-submodules.json","636","2026-09-17T23:25:50.0471408+08:00","F9937486A2A60EF69EF17FE904BE8BEF441DC28A57D408919ACC3AB6558C07EC","False"
"stm32-handoff-20260917-232541-4289db94\git\commands\011-submodules.stderr","0","2026-09-17T23:25:44.3901623+08:00","E3B0C44298FC1C149AFBF4C8996FB92427AE41E4649B934CA495991B7852B855","False"
"stm32-handoff-20260917-232541-4289db94\git\commands\011-submodules.stdout","0","2026-09-17T23:25:44.3901623+08:00","E3B0C44298FC1C149AFBF4C8996FB92427AE41E4649B934CA495991B7852B855","False"
"stm32-handoff-20260917-232541-4289db94\git\commands\012-format-settings.json","733","2026-09-17T23:25:50.1383565+08:00","6C0814F268EFB69F2FC3120DDD372A68840D79FAE667ED92B19737B65493956B","False"
"stm32-handoff-20260917-232541-4289db94\git\commands\012-format-settings.stderr","0","2026-09-17T23:25:50.0641774+08:00","E3B0C44298FC1C149AFBF4C8996FB92427AE41E4649B934CA495991B7852B855","False"
"stm32-handoff-20260917-232541-4289db94\git\commands\012-format-settings.stdout","88","2026-09-17T23:25:50.1273817+08:00","152BD24315D66D95A854CC152D05AB1B26E18FE98FD65F10665AD04AAAFEF8A2","False"
"stm32-handoff-20260917-232541-4289db94\git\commands\013-changed-tracked-paths.json","717","2026-09-17T23:26:18.3955405+08:00","1A38FE75BA5FA36FAE781668C78CF6F4B3C360284B2D1132AA551F27BA0F4953","False"
"stm32-handoff-20260917-232541-4289db94\git\commands\013-changed-tracked-paths.stderr","0","2026-09-17T23:26:18.1006422+08:00","E3B0C44298FC1C149AFBF4C8996FB92427AE41E4649B934CA495991B7852B855","False"
"stm32-handoff-20260917-232541-4289db94\git\commands\013-changed-tracked-paths.stdout","173","2026-09-17T23:26:18.3811922+08:00","56238BE9BC6E907CAD092CF17C37EAC5BA76913D3038794420AC1EC5634CD3E4","False"
"stm32-handoff-20260917-232541-4289db94\git\commands\014-head-file-000.json","646","2026-09-17T23:26:18.5298333+08:00","FC889759CF93EE3E56F57144E2E9A3C6E31A18CBBA81A8F2C0085CC936A865A4","False"
"stm32-handoff-20260917-232541-4289db94\git\commands\014-head-file-000.stderr","0","2026-09-17T23:26:18.4178830+08:00","E3B0C44298FC1C149AFBF4C8996FB92427AE41E4649B934CA495991B7852B855","False"
"stm32-handoff-20260917-232541-4289db94\git\commands\014-head-file-000.stdout","5375","2026-09-17T23:26:18.5107206+08:00","A12AD2A41B5AE8FFEBD8C2FA961184276EBFA3F38184828D22B6A2543256CA67","False"
"stm32-handoff-20260917-232541-4289db94\git\commands\015-unstaged-000.json","751","2026-09-17T23:26:18.6450609+08:00","0ACB3649E6A0C414629BA89A97A21AB62582F7A5FC5AE313072369BE1BB4005D","False"
"stm32-handoff-20260917-232541-4289db94\git\commands\015-unstaged-000.stderr","0","2026-09-17T23:26:18.5356413+08:00","E3B0C44298FC1C149AFBF4C8996FB92427AE41E4649B934CA495991B7852B855","False"
"stm32-handoff-20260917-232541-4289db94\git\commands\015-unstaged-000.stdout","3274","2026-09-17T23:26:18.6351178+08:00","8C5E6BCDB1F8C48BC5E31926C09A26E51CD67633C736D730D456BD558F2A1637","False"
"stm32-handoff-20260917-232541-4289db94\git\commands\016-staged-000.json","764","2026-09-17T23:26:18.7583459+08:00","5E67B4A65D5663AB14685B2F70C5E0915650F4F06FADC3B5F5F6775843E71B29","False"
"stm32-handoff-20260917-232541-4289db94\git\commands\016-staged-000.stderr","0","2026-09-17T23:26:18.6666008+08:00","E3B0C44298FC1C149AFBF4C8996FB92427AE41E4649B934CA495991B7852B855","False"
"stm32-handoff-20260917-232541-4289db94\git\commands\016-staged-000.stdout","0","2026-09-17T23:26:18.6666008+08:00","E3B0C44298FC1C149AFBF4C8996FB92427AE41E4649B934CA495991B7852B855","False"
"stm32-handoff-20260917-232541-4289db94\git\commands\017-head-file-001.json","657","2026-09-17T23:26:18.9165113+08:00","5B67D34A70CC230E5B1E8ADF95B40D3E1995A94D55079099CC528924847AAE0B","False"
"stm32-handoff-20260917-232541-4289db94\git\commands\017-head-file-001.stderr","0","2026-09-17T23:26:18.8026024+08:00","E3B0C44298FC1C149AFBF4C8996FB92427AE41E4649B934CA495991B7852B855","False"
"stm32-handoff-20260917-232541-4289db94\git\commands\017-head-file-001.stdout","4580","2026-09-17T23:26:18.8938377+08:00","3738BA40F56B3581DF408F13C34FD92D1187296CFDEC2FA96F05B4170E54DD21","False"
"stm32-handoff-20260917-232541-4289db94\git\commands\018-unstaged-001.json","762","2026-09-17T23:26:19.0352909+08:00","5E433DBC8436B3EB1A5E7993B3509645B2763847BFDAC35C29A2149D1A100ADB","False"
"stm32-handoff-20260917-232541-4289db94\git\commands\018-unstaged-001.stderr","0","2026-09-17T23:26:18.9275138+08:00","E3B0C44298FC1C149AFBF4C8996FB92427AE41E4649B934CA495991B7852B855","False"
"stm32-handoff-20260917-232541-4289db94\git\commands\018-unstaged-001.stdout","915","2026-09-17T23:26:19.0099055+08:00","8F85CFF66BE89090BC2F928A353898904ED1D532C53DB347A2A4C25285837283","False"
"stm32-handoff-20260917-232541-4289db94\git\commands\019-staged-001.json","775","2026-09-17T23:26:19.1310770+08:00","81BCF2D1351798D04D480E9B9C0F3CA9CD0A23B81DE30D044087CA762AA48397","False"
"stm32-handoff-20260917-232541-4289db94\git\commands\019-staged-001.stderr","0","2026-09-17T23:26:19.0708418+08:00","E3B0C44298FC1C149AFBF4C8996FB92427AE41E4649B934CA495991B7852B855","False"
"stm32-handoff-20260917-232541-4289db94\git\commands\019-staged-001.stdout","0","2026-09-17T23:26:19.0708418+08:00","E3B0C44298FC1C149AFBF4C8996FB92427AE41E4649B934CA495991B7852B855","False"
"stm32-handoff-20260917-232541-4289db94\git\commands\020-head-file-002.json","647","2026-09-17T23:26:19.2182045+08:00","CB9D70FD10EC7A4C5B1298F72C2437F4F3F5D9D813C1C35762ADFC8653C15156","False"
"stm32-handoff-20260917-232541-4289db94\git\commands\020-head-file-002.stderr","0","2026-09-17T23:26:19.1639008+08:00","E3B0C44298FC1C149AFBF4C8996FB92427AE41E4649B934CA495991B7852B855","False"
"stm32-handoff-20260917-232541-4289db94\git\commands\020-head-file-002.stdout","10963","2026-09-17T23:26:19.2096641+08:00","55099CCE26939DAEB1C21F51351A81F1DD4EDBB5725040768442C06B5BDBECA0","False"
"stm32-handoff-20260917-232541-4289db94\git\commands\021-unstaged-002.json","752","2026-09-17T23:26:19.2982592+08:00","F5759BFCFA978047285C12B571A27BFF82547F50EC4812BCB8321B1B61CA21D3","False"
"stm32-handoff-20260917-232541-4289db94\git\commands\021-unstaged-002.stderr","0","2026-09-17T23:26:19.2425738+08:00","E3B0C44298FC1C149AFBF4C8996FB92427AE41E4649B934CA495991B7852B855","False"
"stm32-handoff-20260917-232541-4289db94\git\commands\021-unstaged-002.stdout","899","2026-09-17T23:26:19.2913737+08:00","4F54404046F538F5C0549C23AF058C08B92A5125748053A4BFC72AB68D25D8C9","False"
"stm32-handoff-20260917-232541-4289db94\git\commands\022-staged-002.json","765","2026-09-17T23:26:19.4376070+08:00","203F98D98C1F102E0AF177931BD156A97427D2876942C2D5E69ECE8EB457613A","False"
"stm32-handoff-20260917-232541-4289db94\git\commands\022-staged-002.stderr","0","2026-09-17T23:26:19.3515949+08:00","E3B0C44298FC1C149AFBF4C8996FB92427AE41E4649B934CA495991B7852B855","False"
"stm32-handoff-20260917-232541-4289db94\git\commands\022-staged-002.stdout","0","2026-09-17T23:26:19.3504965+08:00","E3B0C44298FC1C149AFBF4C8996FB92427AE41E4649B934CA495991B7852B855","False"
"stm32-handoff-20260917-232541-4289db94\git\commands\023-head-file-003.json","655","2026-09-17T23:26:19.5379217+08:00","B712D0E11D3FDCC1C463612E748A59C5B76CF4F37BE8D521272FF796C6D11A9B","False"
"stm32-handoff-20260917-232541-4289db94\git\commands\023-head-file-003.stderr","0","2026-09-17T23:26:19.4549959+08:00","E3B0C44298FC1C149AFBF4C8996FB92427AE41E4649B934CA495991B7852B855","False"
"stm32-handoff-20260917-232541-4289db94\git\commands\023-head-file-003.stdout","6235","2026-09-17T23:26:19.5037931+08:00","45EBC35BF0E3F4052192E7EE6D1793E77266D97926DFF54B16DA85C95967255D","False"
"stm32-handoff-20260917-232541-4289db94\git\commands\024-unstaged-003.json","760","2026-09-17T23:26:19.6203738+08:00","544EF6131C94B4E16A59D1FF3C57425F2603A5293336F83903E1FC4C1DDFF76A","False"
"stm32-handoff-20260917-232541-4289db94\git\commands\024-unstaged-003.stderr","0","2026-09-17T23:26:19.5572196+08:00","E3B0C44298FC1C149AFBF4C8996FB92427AE41E4649B934CA495991B7852B855","False"
"stm32-handoff-20260917-232541-4289db94\git\commands\024-unstaged-003.stdout","1374","2026-09-17T23:26:19.6143381+08:00","4E0D0F1BA96BD21679BF7F31290587A4BC504E1586B38BE83B5E50C089EFC64F","False"
"stm32-handoff-20260917-232541-4289db94\git\commands\025-staged-003.json","773","2026-09-17T23:26:19.7849486+08:00","899FB66544ED9901636EFBA61774DAE8C199025300FE1FD711839E06C2153CA9","False"
"stm32-handoff-20260917-232541-4289db94\git\commands\025-staged-003.stderr","0","2026-09-17T23:26:19.6860918+08:00","E3B0C44298FC1C149AFBF4C8996FB92427AE41E4649B934CA495991B7852B855","False"
"stm32-handoff-20260917-232541-4289db94\git\commands\025-staged-003.stdout","0","2026-09-17T23:26:19.6860918+08:00","E3B0C44298FC1C149AFBF4C8996FB92427AE41E4649B934CA495991B7852B855","False"
"stm32-handoff-20260917-232541-4289db94\git\commands\026-head-file-004.json","643","2026-09-17T23:26:19.8974704+08:00","CC84E394652272502E394E4D52E1EC32366D13E6600AF838C90F3B8B91B54E55","False"
"stm32-handoff-20260917-232541-4289db94\git\commands\026-head-file-004.stderr","0","2026-09-17T23:26:19.8050663+08:00","E3B0C44298FC1C149AFBF4C8996FB92427AE41E4649B934CA495991B7852B855","False"
"stm32-handoff-20260917-232541-4289db94\git\commands\026-head-file-004.stdout","6227","2026-09-17T23:26:19.8660148+08:00","18FBD8CA265F0325569E968940C5216E8F422AD8CB982CC76C5A550A83FE2D15","False"
"stm32-handoff-20260917-232541-4289db94\git\commands\027-unstaged-004.json","748","2026-09-17T23:26:19.9593320+08:00","D78F978C92EE2D23D51C320B77F965ABFDD086AE011AA851054753E49A6E7CF4","False"
"stm32-handoff-20260917-232541-4289db94\git\commands\027-unstaged-004.stderr","0","2026-09-17T23:26:19.9042275+08:00","E3B0C44298FC1C149AFBF4C8996FB92427AE41E4649B934CA495991B7852B855","False"
"stm32-handoff-20260917-232541-4289db94\git\commands\027-unstaged-004.stdout","1915","2026-09-17T23:26:19.9524790+08:00","485A952AF657C42F2C7877C923116A5547CBA807A639634AD1DB7AFDC11F1103","False"
"stm32-handoff-20260917-232541-4289db94\git\commands\028-staged-004.json","761","2026-09-17T23:26:20.0435876+08:00","5A2D2FE5BF8F0FF0EC8CFB75BAB3639D5A512D4CF08D604682A24F83EAC407BD","False"
"stm32-handoff-20260917-232541-4289db94\git\commands\028-staged-004.stderr","0","2026-09-17T23:26:19.9718431+08:00","E3B0C44298FC1C149AFBF4C8996FB92427AE41E4649B934CA495991B7852B855","False"
"stm32-handoff-20260917-232541-4289db94\git\commands\028-staged-004.stdout","0","2026-09-17T23:26:19.9718431+08:00","E3B0C44298FC1C149AFBF4C8996FB92427AE41E4649B934CA495991B7852B855","False"
"stm32-handoff-20260917-232541-4289db94\git\commands\029-after-head.json","614","2026-09-17T23:26:35.1211464+08:00","9AC7766BACFCEBD86931AE4FB0A9397FEA4C55A105E6F205B5431C0BC4B97704","False"
"stm32-handoff-20260917-232541-4289db94\git\commands\029-after-head.stderr","0","2026-09-17T23:26:35.0046321+08:00","E3B0C44298FC1C149AFBF4C8996FB92427AE41E4649B934CA495991B7852B855","False"
"stm32-handoff-20260917-232541-4289db94\git\commands\029-after-head.stdout","41","2026-09-17T23:26:35.1146859+08:00","24A5C03E8864046270E4B910F32E80568719D0553A6E1313B65F4CFE40A3C81D","False"
"stm32-handoff-20260917-232541-4289db94\git\commands\030-after-status.json","666","2026-09-17T23:26:35.1887461+08:00","9E738EEAB90DEB7406063877B636B82119F23C479E83981F23EE3923A0979743","False"
"stm32-handoff-20260917-232541-4289db94\git\commands\030-after-status.stderr","0","2026-09-17T23:26:35.1389803+08:00","E3B0C44298FC1C149AFBF4C8996FB92427AE41E4649B934CA495991B7852B855","False"
"stm32-handoff-20260917-232541-4289db94\git\commands\030-after-status.stdout","397","2026-09-17T23:26:35.1818674+08:00","1F9E62ED0F0741EC86B4C870F326959C84AE236805EEDB86B358BDCBEFD1DCA6","False"
"stm32-handoff-20260917-232541-4289db94\git\commands\031-after-status-readable.json","683","2026-09-17T23:26:35.2366964+08:00","8728FC1721DAED3065FCC474843576BFFB080F0DDC82E24E5738B3985DE738F1","False"
"stm32-handoff-20260917-232541-4289db94\git\commands\031-after-status-readable.stderr","0","2026-09-17T23:26:35.1921488+08:00","E3B0C44298FC1C149AFBF4C8996FB92427AE41E4649B934CA495991B7852B855","False"
"stm32-handoff-20260917-232541-4289db94\git\commands\031-after-status-readable.stdout","419","2026-09-17T23:26:35.2287948+08:00","BC64318198B32518CE4A599D2A5337C607C7B62F0EDCB05CFD7321EE4145B923","False"
"stm32-handoff-20260917-232541-4289db94\git\commands\032-after-refs.json","723","2026-09-17T23:26:35.2816109+08:00","6C34028EC0CD62011DC8A7E3D484634C97F962F04ADF6D3E8DCF6C616C098A21","False"
"stm32-handoff-20260917-232541-4289db94\git\commands\032-after-refs.stderr","0","2026-09-17T23:26:35.2398619+08:00","E3B0C44298FC1C149AFBF4C8996FB92427AE41E4649B934CA495991B7852B855","False"
"stm32-handoff-20260917-232541-4289db94\git\commands\032-after-refs.stdout","553","2026-09-17T23:26:35.2737496+08:00","5D8512478C8DDFB98FA04BB4D723B9C126A6CA65340C407C44D466EBABE40982","False"
"stm32-handoff-20260917-232541-4289db94\git\commands\033-after-tracked.json","634","2026-09-17T23:26:35.3233492+08:00","2BF972C73C0E2C4C0BBAF0F8645E9C48F44472D679F7BDB819B86ED335DD9614","False"
"stm32-handoff-20260917-232541-4289db94\git\commands\033-after-tracked.stderr","0","2026-09-17T23:26:35.2837942+08:00","E3B0C44298FC1C149AFBF4C8996FB92427AE41E4649B934CA495991B7852B855","False"
"stm32-handoff-20260917-232541-4289db94\git\commands\033-after-tracked.stdout","15362","2026-09-17T23:26:35.3175764+08:00","BE0D07625C5290BF363938BF06D6F4916C2E8B51FAD8A0FF6D08E0CEFB8662B1","False"
"stm32-handoff-20260917-232541-4289db94\git\commands\034-after-untracked.json","665","2026-09-17T23:26:35.3904151+08:00","F6517B0FB9BF80B0F8BBFE0FA2D3D9C936BA30E5AD498C63281A789463AA5A22","False"
"stm32-handoff-20260917-232541-4289db94\git\commands\034-after-untracked.stderr","0","2026-09-17T23:26:35.3472191+08:00","E3B0C44298FC1C149AFBF4C8996FB92427AE41E4649B934CA495991B7852B855","False"
"stm32-handoff-20260917-232541-4289db94\git\commands\034-after-untracked.stdout","191","2026-09-17T23:26:35.3843012+08:00","F009AE812A0838EA94825D2590D5A018E296775988A85D637887CAA73B7B4097","False"
"stm32-handoff-20260917-232541-4289db94\git\commands\035-after-index-path.json","646","2026-09-17T23:26:35.4324649+08:00","386E5971DD9D2C284FB0AA09A2E4304732CFC7B1A5CCA1EEC79D234D3FC60045","False"
"stm32-handoff-20260917-232541-4289db94\git\commands\035-after-index-path.stderr","0","2026-09-17T23:26:35.3935212+08:00","E3B0C44298FC1C149AFBF4C8996FB92427AE41E4649B934CA495991B7852B855","False"
"stm32-handoff-20260917-232541-4289db94\git\commands\035-after-index-path.stdout","11","2026-09-17T23:26:35.4258471+08:00","742E1586A644AF64934A892663D03C75415BFB01EDAFDFDD924A8627573BFB9C","False"
"stm32-handoff-20260917-232541-4289db94\git\diffs\000-staged.patch","0","2026-09-17T23:26:18.7583459+08:00","E3B0C44298FC1C149AFBF4C8996FB92427AE41E4649B934CA495991B7852B855","False"
"stm32-handoff-20260917-232541-4289db94\git\diffs\000-unstaged.patch","3274","2026-09-17T23:26:18.6645849+08:00","8C5E6BCDB1F8C48BC5E31926C09A26E51CD67633C736D730D456BD558F2A1637","False"
"stm32-handoff-20260917-232541-4289db94\git\diffs\001-staged.patch","0","2026-09-17T23:26:19.1418302+08:00","E3B0C44298FC1C149AFBF4C8996FB92427AE41E4649B934CA495991B7852B855","False"
"stm32-handoff-20260917-232541-4289db94\git\diffs\001-unstaged.patch","915","2026-09-17T23:26:19.0687428+08:00","8F85CFF66BE89090BC2F928A353898904ED1D532C53DB347A2A4C25285837283","False"
"stm32-handoff-20260917-232541-4289db94\git\diffs\002-staged.patch","0","2026-09-17T23:26:19.4376070+08:00","E3B0C44298FC1C149AFBF4C8996FB92427AE41E4649B934CA495991B7852B855","False"
"stm32-handoff-20260917-232541-4289db94\git\diffs\002-unstaged.patch","899","2026-09-17T23:26:19.3160621+08:00","4F54404046F538F5C0549C23AF058C08B92A5125748053A4BFC72AB68D25D8C9","False"
"stm32-handoff-20260917-232541-4289db94\git\diffs\003-staged.patch","0","2026-09-17T23:26:19.7913268+08:00","E3B0C44298FC1C149AFBF4C8996FB92427AE41E4649B934CA495991B7852B855","False"
"stm32-handoff-20260917-232541-4289db94\git\diffs\003-unstaged.patch","1374","2026-09-17T23:26:19.6837061+08:00","4E0D0F1BA96BD21679BF7F31290587A4BC504E1586B38BE83B5E50C089EFC64F","False"
"stm32-handoff-20260917-232541-4289db94\git\diffs\004-staged.patch","0","2026-09-17T23:26:20.0446643+08:00","E3B0C44298FC1C149AFBF4C8996FB92427AE41E4649B934CA495991B7852B855","False"
"stm32-handoff-20260917-232541-4289db94\git\diffs\004-unstaged.patch","1915","2026-09-17T23:26:19.9705353+08:00","485A952AF657C42F2C7877C923116A5547CBA807A639634AD1DB7AFDC11F1103","False"
"stm32-handoff-20260917-232541-4289db94\host\environment.json","44154","2026-09-17T23:25:50.1585185+08:00","90AB4D1692B6EC2BF80F64506086595A693EB73C68DB3DD185D3F6844046EBF3","False"
"stm32-handoff-20260917-232541-4289db94\host\powershell-context.json","17199","2026-09-17T23:25:50.1629959+08:00","785DB7F9F187B54470CE605942525D96BA5976E7BC798A3F58FBD519F2FCABEB","False"
"stm32-handoff-20260917-232541-4289db94\host\python.json","310","2026-09-17T23:25:50.1597978+08:00","8C960FDB71C9AF5D3FE437E95E2169E680ACA1BA50B712A5703B5FAEF2512700","False"
"stm32-handoff-20260917-232541-4289db94\host\tool-identities.json","5253","2026-09-17T23:25:54.8059725+08:00","F51372723FBEC32CBF1D82AE922AF41E95AF9D053B748A1A0C69F4AE994D31D1","False"
"stm32-handoff-20260917-232541-4289db94\inventory.json","260610","2026-09-17T23:26:39.8368120+08:00","1B265CD56F9FFBE3AB7D9DDA824DE394BAC8AB61DB746E52A57567628DC252D4","False"
"stm32-handoff-20260917-232541-4289db94\issues.json","2","2026-09-17T23:26:39.8456489+08:00","4F53CDA18C2BAA0C0354BB5F9A3ECBE5ED12AB4D8E11BA873C2F11161202B945","False"
"stm32-handoff-20260917-232541-4289db94\manifest.sha256","70885","2026-09-17T23:26:41.9593448+08:00","8700272286D337AF9AD1E4750AD7528D4A6ABD7547C3AFD322B989CCED95D4F6","False"
"stm32-handoff-20260917-232541-4289db94\packages\package-identities.json","665","2026-09-17T23:26:34.9993112+08:00","FB14844948B1E670DAC879BD18D9E10D882E0781E93E610AF4DF17EE3EE794DC","False"
"stm32-handoff-20260917-232541-4289db94\packages\r2_w6_k_matrix.zip","33689","2026-09-17T23:26:34.6857692+08:00","92E05DFD771AE6DCC04303C6442D07780734D92A7D6F76940562172CB82CFE0F","False"
"stm32-handoff-20260917-232541-4289db94\packages\r2_w6_preflight_source.zip","53867","2026-09-17T23:26:34.9482883+08:00","91F69C7434FAB3007A74B8721A5C8FCAE2594CE3EC8451182D54EE1CD9F70EDE","False"
"stm32-handoff-20260917-232541-4289db94\reported-context.json","1176","2026-09-17T23:25:54.8567373+08:00","FBCAA1B0E88B5212E9DDB8007955D9A13A6E03FCD29FD98F8E7D1448B5F90A22","False"
"stm32-handoff-20260917-232541-4289db94\START_HERE.txt","721","2026-09-17T23:26:39.8477271+08:00","D41D9F58D7710F9DCFE4D5EBD3B407E7FF95279A6ABCB497E51080C717EE30FC","False"
"stm32-handoff-20260917-232541-4289db94\summary.json","1976","2026-09-17T23:26:39.8200341+08:00","E9EA58B7A1068AA1A593C8DE80E1698A3346DB3BDC895DE1F6209B6870BC19AA","False"
"stm32-handoff-20260917-232541-4289db94\working-tree\.gitattributes","841","2026-09-17T23:25:54.9008368+08:00","EF0E68072FC4EC34A96334DE6C9F0A953375989BCDBB71A8C4243BFEFADF3D4C","False"
"stm32-handoff-20260917-232541-4289db94\working-tree\.gitignore","250","2026-09-17T23:25:54.9124372+08:00","8B0AEDE585A8BBF80434908AD131618AE0FDA194562E90BE790B8E8CD798ACAF","False"
"stm32-handoff-20260917-232541-4289db94\working-tree\docs\bringup-log.md","33599","2026-09-17T23:26:12.5956535+08:00","0075D15FF245B879356BB811E3263BBA7554354D55B9DD101A40FAF1841594D7","False"
"stm32-handoff-20260917-232541-4289db94\working-tree\docs\environment.md","6524","2026-09-17T23:26:13.2500265+08:00","FCEA4EA0A4E1AEC27474DFBA16B824CEA943BB62BF1CB49401D1DDEE4688EFC0","False"
"stm32-handoff-20260917-232541-4289db94\working-tree\docs\evidence\index.md","8665","2026-09-17T23:26:13.3670288+08:00","CD2EBB7E156D4990DAAD199DA6FB4966D00636ACEB45FABCC2530AA163089C31","False"
"stm32-handoff-20260917-232541-4289db94\working-tree\docs\evidence\p0-a1\README.md","2360","2026-09-17T23:26:18.0960895+08:00","14F2DBA4B70CC4F55C8E7B55A51BE1D3DB943F0868932C367E24F733FA141757","False"
"stm32-handoff-20260917-232541-4289db94\working-tree\docs\evidence\p0-a2\README.md","3085","2026-09-17T23:26:18.0913216+08:00","E02556A5F98CCC30C2BE0F47229F5601D83E2C2B2592AF28569ADAEC4E3D535C","False"
"stm32-handoff-20260917-232541-4289db94\working-tree\docs\evidence\p0-b\baseline-build.txt","2704","2026-09-17T23:26:16.8206630+08:00","762F8AFFF79FC22983DFC12199360C3BC380A55E28A186A3A6DD72380BD09DCA","False"
"stm32-handoff-20260917-232541-4289db94\working-tree\docs\evidence\p0-b\baseline-configure.txt","995","2026-09-17T23:26:16.8633833+08:00","DFA25F3EA763D3FA4FE3C8E4A80ADCFF325B46518E82A1F3811E7A12AD343976","False"
"stm32-handoff-20260917-232541-4289db94\working-tree\docs\evidence\p0-b\debug-tool-addition.txt","507","2026-09-17T23:26:16.8739724+08:00","8669EE25A582E94A498A7C7CC19ABCDDC19E89B7E91E7EB29F0B1ECD40F3CFE5","False"
"stm32-handoff-20260917-232541-4289db94\working-tree\docs\evidence\p0-b\execution-debug-summary.txt","819","2026-09-17T23:26:16.9058551+08:00","0FEA0CA2506A72677B4FF03B783B1CDD1BB6BF30AC17914BA1C228CFB1935209","False"
"stm32-handoff-20260917-232541-4289db94\working-tree\docs\evidence\p0-b\first-flash-verify.txt","1367","2026-09-17T23:26:16.9973506+08:00","BBCED2B20C7149B6AE5898A5C462A34685EB30C25F5233C79A10708E1D95C696","False"
"stm32-handoff-20260917-232541-4289db94\working-tree\docs\evidence\p0-b\flash-candidate-manifest.txt","1475","2026-09-17T23:26:17.0831304+08:00","ED35269B67B54A60B8E2ECBCB550BC8B264255392F3F122E56FE305ABB666DC8","False"
"stm32-handoff-20260917-232541-4289db94\working-tree\docs\evidence\p0-b\gdb-execution-proof.txt","666","2026-09-17T23:26:17.1175127+08:00","6DD79B8C0BFEA77B3597454D5EC1EE8649FC6AA13C762EFBCE241AF7DB89E8A1","False"
"stm32-handoff-20260917-232541-4289db94\working-tree\docs\evidence\p0-b\gdbserver-session-01.log","14935","2026-09-17T23:26:17.2327875+08:00","088CC086A6B07205DD5EA9779DAD20A0E45977E589E61EE22EC08927549F79D4","False"
"stm32-handoff-20260917-232541-4289db94\working-tree\docs\evidence\p0-b\initial-board-observation.txt","716","2026-09-17T23:26:17.2788166+08:00","463561E6574EED134AC4FDBE0FFC625D730B7F90DD53C825A77A283113939EB9","False"
"stm32-handoff-20260917-232541-4289db94\working-tree\docs\evidence\p0-b\preflash-readback.txt","986","2026-09-17T23:26:17.3238541+08:00","FC65D3645129F6BA69752EA72075866E25E22EC5752CFFF515E19C96F477C96E","False"
"stm32-handoff-20260917-232541-4289db94\working-tree\docs\evidence\p0-b\preflash-target-state.txt","755","2026-09-17T23:26:17.3344128+08:00","E75F79AA15865608E2A0DC37F96026750DFB2DA5859E31D71A1A04DEE5AB6479","False"
"stm32-handoff-20260917-232541-4289db94\working-tree\docs\evidence\p0-b\README.md","4465","2026-09-17T23:26:17.3887106+08:00","E153C57518AF18D80805F2B48C3C4685C2FCF4AC081521F42BC4CD09A6BDCC96","False"
"stm32-handoff-20260917-232541-4289db94\working-tree\docs\evidence\p0-b\stlink-connection-investigation.txt","1736","2026-09-17T23:26:17.4497742+08:00","53C75E471EB85193F2DCF6CCF0551C5576C2B34A5A7E35577432FA1896671F78","False"
"stm32-handoff-20260917-232541-4289db94\working-tree\docs\evidence\p0-b\stlink-gdbserver-help.txt","4707","2026-09-17T23:26:17.4792364+08:00","AC529347088AE427F358B75AED885FF5FB2342F2497F9977370BDBDB4A1D5D81","False"
"stm32-handoff-20260917-232541-4289db94\working-tree\docs\evidence\p0-b\stlink-list.txt","492","2026-09-17T23:26:17.5347895+08:00","09CC0D71A3D4F84A34A1B8464555A302A80D9EA77BAA7FE94E13F08AEA55715E","False"
"stm32-handoff-20260917-232541-4289db94\working-tree\docs\evidence\p0-b\stlink-post-upgrade-list.txt","492","2026-09-17T23:26:17.5802416+08:00","DD838D5710EA8D490CE08E32BC8F97509346D00329D426D9009059F9E61A29B6","False"
"stm32-handoff-20260917-232541-4289db94\working-tree\docs\evidence\p0-b\stlink-pre-upgrade-snapshot.txt","2965","2026-09-17T23:26:17.6492448+08:00","33D733F2E44887955F9037D40FAAC7B7B129B1A737023335F5C59C7477348772","False"
"stm32-handoff-20260917-232541-4289db94\working-tree\docs\evidence\p0-b\stlink-retry-01-connect.txt","256","2026-09-17T23:26:17.6600618+08:00","6828B87ACF19FE78E26B7681BE230217FE54E4BA43B736F38B03B176CC4F106F","False"
"stm32-handoff-20260917-232541-4289db94\working-tree\docs\evidence\p0-b\stlink-retry-01-list.txt","492","2026-09-17T23:26:17.6857456+08:00","09CC0D71A3D4F84A34A1B8464555A302A80D9EA77BAA7FE94E13F08AEA55715E","False"
"stm32-handoff-20260917-232541-4289db94\working-tree\docs\evidence\p0-b\stlink-retry-02-connect.txt","256","2026-09-17T23:26:17.6959326+08:00","6828B87ACF19FE78E26B7681BE230217FE54E4BA43B736F38B03B176CC4F106F","False"
"stm32-handoff-20260917-232541-4289db94\working-tree\docs\evidence\p0-b\stlink-retry-02-list.txt","492","2026-09-17T23:26:17.7045297+08:00","09CC0D71A3D4F84A34A1B8464555A302A80D9EA77BAA7FE94E13F08AEA55715E","False"
"stm32-handoff-20260917-232541-4289db94\working-tree\docs\evidence\p0-b\stlink-retry-03-connect.txt","256","2026-09-17T23:26:17.7385484+08:00","6828B87ACF19FE78E26B7681BE230217FE54E4BA43B736F38B03B176CC4F106F","False"
"stm32-handoff-20260917-232541-4289db94\working-tree\docs\evidence\p0-b\stlink-retry-03-list.txt","492","2026-09-17T23:26:17.7489474+08:00","09CC0D71A3D4F84A34A1B8464555A302A80D9EA77BAA7FE94E13F08AEA55715E","False"
"stm32-handoff-20260917-232541-4289db94\working-tree\docs\evidence\p0-b\stlink-update-mode-failure-01.txt","1249","2026-09-17T23:26:17.7577692+08:00","3CE2A51FD6CA4A9E7AF401C1CC37A832E52B99652ACEEBE1D18631546BCB6658","False"
"stm32-handoff-20260917-232541-4289db94\working-tree\docs\evidence\p0-b\target-identification.txt","256","2026-09-17T23:26:17.7779730+08:00","6828B87ACF19FE78E26B7681BE230217FE54E4BA43B736F38B03B176CC4F106F","False"
"stm32-handoff-20260917-232541-4289db94\working-tree\docs\evidence\p0-b\target-identification-post-upgrade.txt","562","2026-09-17T23:26:17.7723610+08:00","82FBA9B625DD518E038F66AD125A617C3CF934D3D7F5497149D7AE9FD1B0BB16","False"
"stm32-handoff-20260917-232541-4289db94\working-tree\docs\evidence\p0-b\vcp-banner-change.txt","507","2026-09-17T23:26:17.7833527+08:00","D4F66A12510CD1D9547566FAD0C0BE41938E90956D6A551F54C1DB68E5D2A74D","False"
"stm32-handoff-20260917-232541-4289db94\working-tree\docs\evidence\p0-b\vcp-banner-main.diff","2885","2026-09-17T23:26:17.8039310+08:00","04E59A19A996A930C4110A6B0FEE8FA73EE8F411CC859BF6F883FAA7ED1353C1","False"
"stm32-handoff-20260917-232541-4289db94\working-tree\docs\evidence\p0-b\vcp-build.txt","2842","2026-09-17T23:26:17.8255023+08:00","6950313DEACD503A0A91588A7A5C21C39E082F606E7F8D36CCD5E2F26AC9F8A6","False"
"stm32-handoff-20260917-232541-4289db94\working-tree\docs\evidence\p0-b\vcp-candidate-source.diff","7940","2026-09-17T23:26:17.8446048+08:00","313D9F79E60C199CAC9EA2F5C97B3126D86DB36F6125FAC9927EEE750755E1E2","False"
"stm32-handoff-20260917-232541-4289db94\working-tree\docs\evidence\p0-b\vcp-configure.txt","992","2026-09-17T23:26:17.9173746+08:00","A51BFDE1BFED4A7102556ACCE751F4754725904F2809DB625CBA1910EA48BC82","False"
"stm32-handoff-20260917-232541-4289db94\working-tree\docs\evidence\p0-b\vcp-cubemx-audit.txt","609","2026-09-17T23:26:17.9254993+08:00","B91AE8782C509B0078AE98E09CF19D2A40CF99A93BFBC26DB56B9ED589E1B352","False"
"stm32-handoff-20260917-232541-4289db94\working-tree\docs\evidence\p0-b\vcp-cubemx-regeneration.diff","7617","2026-09-17T23:26:17.9507162+08:00","2308CE2E73ADF47FEF243E5CCD981FFD6FC135A92C4218B25E7AC62C0C3A54BD","False"
"stm32-handoff-20260917-232541-4289db94\working-tree\docs\evidence\p0-b\vcp-flash-candidate-manifest.txt","2757","2026-09-17T23:26:17.9755506+08:00","4E566F47EC092F54C82BA28A517975198474718908B0412AFBBC9B679F16E5BD","False"
"stm32-handoff-20260917-232541-4289db94\working-tree\docs\evidence\p0-b\vcp-flash-verify.txt","1367","2026-09-17T23:26:18.0163227+08:00","470088EEABC967AE82FCAFB012C94464403954D9E23FB76B74FD23E9933DCCAE","False"
"stm32-handoff-20260917-232541-4289db94\working-tree\docs\evidence\p0-b\vcp-prechange-inspection.txt","2342","2026-09-17T23:26:18.0500082+08:00","D841CA67545D8708B86E56A3E88DB0E81488F076D91B046A1EBAAA3F8FBE5ADD","False"
"stm32-handoff-20260917-232541-4289db94\working-tree\docs\evidence\p0-b\vcp-runtime-verification.txt","888","2026-09-17T23:26:18.0669774+08:00","931DDB5907FA11FA94CE8502FB7D23AF516586963270E317D1EFE643EBC164C5","False"
"stm32-handoff-20260917-232541-4289db94\working-tree\docs\evidence\r0\clock-ioc-pre-regeneration.diff","5364","2026-09-17T23:26:14.9482423+08:00","56557A9DD23E4F47AF10D80EEAD0FD1BEC808D277B61D7BAC42019D13EB58688","False"
"stm32-handoff-20260917-232541-4289db94\working-tree\docs\evidence\r0\clock-pre-regeneration.txt","663","2026-09-17T23:26:15.0118517+08:00","D9F5EE43A6E056209F92EDD9EC7CE9CB644325542371F586474200C9DD2E6537","False"
"stm32-handoff-20260917-232541-4289db94\working-tree\docs\evidence\r0\clock-regeneration.diff","7918","2026-09-17T23:26:15.2004048+08:00","D7E364368E96A9561155D675677F90694952B3F16B4FF5546D64C6163766845F","False"
"stm32-handoff-20260917-232541-4289db94\working-tree\docs\evidence\r0\clock-regeneration-audit.txt","707","2026-09-17T23:26:15.1550144+08:00","F65227AAD392E971C82525EEBBCB698F20DE72ECA3F408CBCA52DF8526400DA4","False"
"stm32-handoff-20260917-232541-4289db94\working-tree\docs\evidence\r0\clock-tree-180mhz.png","311780","2026-09-17T23:26:15.2828042+08:00","E4A71FE37F505AE71BC2B9078280264EAA40FAE974C5F51DA09D15E7AB9A26C0","False"
"stm32-handoff-20260917-232541-4289db94\working-tree\docs\evidence\r0\freertos-v11.1.0-clone-stderr.txt","752","2026-09-17T23:26:15.3608609+08:00","F61984BB9AB690241DDDAFD9F0BE2006E381D0C231E9E8A0608EAD28ECC95A8E","False"
"stm32-handoff-20260917-232541-4289db94\working-tree\docs\evidence\r0\freertos-v11.1.0-clone-stdout.txt","0","2026-09-17T23:26:15.3669651+08:00","E3B0C44298FC1C149AFBF4C8996FB92427AE41E4649B934CA495991B7852B855","False"
"stm32-handoff-20260917-232541-4289db94\working-tree\docs\evidence\r0\freertos-v11.1.0-source-preflight.txt","569","2026-09-17T23:26:15.3825063+08:00","D20B960B9FE90C497CC160EE350D33034F50A56509DE654E07EAFD8BE09CABDC","False"
"stm32-handoff-20260917-232541-4289db94\working-tree\docs\evidence\r0\investigation-001-nvic-priority-group-hardfault.md","2278","2026-09-17T23:26:15.4332466+08:00","830074792FFB53C96248B9E009C772FF77D2EDD5A7957B8023ABA923851D08DA","False"
"stm32-handoff-20260917-232541-4289db94\working-tree\docs\evidence\r0\old-clock-study-reference.diff","6307","2026-09-17T23:26:15.4474995+08:00","DD4BF61983A734E7E3A1A38B0F6B5E63B34FBF2A176E1CC4D3516A7B64144C12","False"
"stm32-handoff-20260917-232541-4289db94\working-tree\docs\evidence\r0\pre-clock-baseline.txt","882","2026-09-17T23:26:15.4744929+08:00","02E7B593907F64B88559CFF46AAE783F5854911ABAC3643B05CBB55D0BD2A851","False"
"stm32-handoff-20260917-232541-4289db94\working-tree\docs\evidence\r0\r0-clock-build-02.txt","2937","2026-09-17T23:26:15.4903256+08:00","E14D2634C341740390E065306E5E5AE1A414A25A675BCE91F8793C943AFE65AB","False"
"stm32-handoff-20260917-232541-4289db94\working-tree\docs\evidence\r0\r0-clock-configure-02.txt","1088","2026-09-17T23:26:15.5326070+08:00","5DAE4CD91A4A2835D27830FDFDBA911C95FEAB4E8D755804460FD82CBE96DCC9","False"
"stm32-handoff-20260917-232541-4289db94\working-tree\docs\evidence\r0\r0-clock-flash-candidate-02.txt","1215","2026-09-17T23:26:15.5499529+08:00","5A466F4DAEE49D28D755EA6A9F03856F2858A5F1A7F270BED50403FE5B6DB56E","False"
"stm32-handoff-20260917-232541-4289db94\working-tree\docs\evidence\r0\r0-clock-flash-summary-02.txt","471","2026-09-17T23:26:15.5577189+08:00","A45D20E55D98586F4A67932885156810386B6BC86D5A27A350FF3DF9C5D44015","False"
"stm32-handoff-20260917-232541-4289db94\working-tree\docs\evidence\r0\r0-clock-flash-verify-02.txt","1915","2026-09-17T23:26:15.5760002+08:00","13BF75639B36DBED9678A02DEB50B6D0CFD0C8C4EC3B69082208B2D9F21C0F54","False"
"stm32-handoff-20260917-232541-4289db94\working-tree\docs\evidence\r0\r0-clock-gdbserver-01.log","16268","2026-09-17T23:26:15.6736112+08:00","569A0BCFCBD0AEA6CD8AF15D571313F9881758F26124ABC07C3F510788207BF6","False"
"stm32-handoff-20260917-232541-4289db94\working-tree\docs\evidence\r0\r0-clock-preflash-02.txt","606","2026-09-17T23:26:15.7281137+08:00","F4E2841CDAA349269C3711641888357F75701FB3E9C733B20985F232DC5BC2EE","False"
"stm32-handoff-20260917-232541-4289db94\working-tree\docs\evidence\r0\r0-clock-runtime-gdb-01.txt","1102","2026-09-17T23:26:15.7508997+08:00","283EE64E80837ADFCC74430258C017A042799ED3450A26318B4CB711A1AE7209","False"
"stm32-handoff-20260917-232541-4289db94\working-tree\docs\evidence\r0\r0-clock-runtime-summary-01.txt","974","2026-09-17T23:26:15.7676705+08:00","6D436B990E8D1068C35FEE4780452294C04F2C9E0C2C02D54D350AEADAF52881","False"
"stm32-handoff-20260917-232541-4289db94\working-tree\docs\evidence\r0\r0-dwt-basic-01.txt","637","2026-09-17T23:26:15.7862062+08:00","8BEBA9F902224934EB2347A99DEDA3453EA6502593E1B2989074A4D69186AC38","False"
"stm32-handoff-20260917-232541-4289db94\working-tree\docs\evidence\r0\r0-dwt-basic-03.txt","1135","2026-09-17T23:26:15.8035982+08:00","A317F5B2EC4561C7B32DD9E52752F15DE138E3A96DDA0C29A4FD8891333168FF","False"
"stm32-handoff-20260917-232541-4289db94\working-tree\docs\evidence\r0\r0-dwt-basic-summary-03.txt","513","2026-09-17T23:26:15.8105344+08:00","6B8E0291BF9ADE5065EBDF9173C676C12807AE4741C0D62AC7B0579FE26BB13C","False"
"stm32-handoff-20260917-232541-4289db94\working-tree\docs\evidence\r0\r0-final-committed-build-01.txt","3716","2026-09-17T23:26:15.8431815+08:00","0639D2E6A021D19B8710CC022A4AD8C30EEDD669DF8182C43F4756AF80713559","False"
"stm32-handoff-20260917-232541-4289db94\working-tree\docs\evidence\r0\r0-final-committed-configure-01.txt","980","2026-09-17T23:26:15.9231792+08:00","5E0A0365DFA6855E662CDF2095C00378D3A330CE8D4D4CAF40B12006CE54799E","False"
"stm32-handoff-20260917-232541-4289db94\working-tree\docs\evidence\r0\r0-final-committed-flash-candidate-01.txt","554","2026-09-17T23:26:15.9320035+08:00","DAB814375C7F0DB90DD67C4033BCF8B3CBAA82D68B3F33ABAEBF8D0928C989AB","False"
"stm32-handoff-20260917-232541-4289db94\working-tree\docs\evidence\r0\r0-final-committed-flash-verify-01.txt","1310","2026-09-17T23:26:15.9506823+08:00","3B23A0AE9960B2C9D8014BD91A755E7EF898178754310F2D73E6C1CF37BCEEC8","False"
"stm32-handoff-20260917-232541-4289db94\working-tree\docs\evidence\r0\r0-final-committed-regression-summary-01.txt","585","2026-09-17T23:26:15.9600790+08:00","6397CBEACFBA4CEAA81C75CC402E36A8071AD6684EEE7252C0800E48A4401391","False"
"stm32-handoff-20260917-232541-4289db94\working-tree\docs\evidence\r0\r0-final-committed-runtime-gdb-01.txt","1363","2026-09-17T23:26:15.9668927+08:00","6D378557D48F140FFCC7A1EEAA8793365447C25BF1F92BD1F4F423CE5802F4BF","False"
"stm32-handoff-20260917-232541-4289db94\working-tree\docs\evidence\r0\r0-freertos-build-01.txt","3716","2026-09-17T23:26:16.0352973+08:00","B10A3CB42AF1278B44AD4E47F1500F678E084CBEA60C1F1D8F86059813188CAF","False"
"stm32-handoff-20260917-232541-4289db94\working-tree\docs\evidence\r0\r0-freertos-configure-01.txt","973","2026-09-17T23:26:16.0587080+08:00","B1CDB05847CCE426D6BC41F6C3E4A19AE2743A6E94DE82996347C3908AE2760B","False"
"stm32-handoff-20260917-232541-4289db94\working-tree\docs\evidence\r0\r0-freertos-flash-candidate-01.txt","559","2026-09-17T23:26:16.1077508+08:00","FBA6BD76E8D2002B63CC14DA72CA52897479FFB35E5973A809A0FFA48DDAD43C","False"
"stm32-handoff-20260917-232541-4289db94\working-tree\docs\evidence\r0\r0-freertos-flash-verify-01.txt","1310","2026-09-17T23:26:16.1481569+08:00","0A5F83D22CD6EEF4963EBD31FA412242FC79BBE34FAD9492FA2F3094734A3526","False"
"stm32-handoff-20260917-232541-4289db94\working-tree\docs\evidence\r0\r0-freertos-prigroup4-build-01.txt","3716","2026-09-17T23:26:16.2581405+08:00","F32B34A10E32947500068BB4D10504A84A64264CD80254B665C1301700C530D9","False"
"stm32-handoff-20260917-232541-4289db94\working-tree\docs\evidence\r0\r0-freertos-prigroup4-configure-01.txt","983","2026-09-17T23:26:16.2918797+08:00","78DEE3F3D53D6A661BE2026881A3E45B9DBCE2789EF33198AFB42C483966C2BC","False"
"stm32-handoff-20260917-232541-4289db94\working-tree\docs\evidence\r0\r0-freertos-prigroup4-flash-candidate-01.txt","637","2026-09-17T23:26:16.3025343+08:00","2972308672D62826B3336C0E95C09571F35A5D412175DECA0AC824622D016062","False"
"stm32-handoff-20260917-232541-4289db94\working-tree\docs\evidence\r0\r0-freertos-prigroup4-flash-verify-01.txt","1310","2026-09-17T23:26:16.3256416+08:00","E813277A28B17C845C6F27BEAD205E3A8C2D1120930123D5EA705890352DF603","False"
"stm32-handoff-20260917-232541-4289db94\working-tree\docs\evidence\r0\r0-freertos-prigroup4-root-cause-closure-01.txt","976","2026-09-17T23:26:16.4050104+08:00","94ABCB3DD6FD4098AB99BAC9FF36B54B551F695C2DBD5322BF52C1B50E13F514","False"
"stm32-handoff-20260917-232541-4289db94\working-tree\docs\evidence\r0\r0-freertos-prigroup4-runtime-gdb-01.txt","1886","2026-09-17T23:26:16.4106510+08:00","5DDBC41DA28D7865AB85FA04DAE4895D8013C3699040FFC24F0C99ADC910D2BB","False"
"stm32-handoff-20260917-232541-4289db94\working-tree\docs\evidence\r0\r0-freertos-prigroup4-vcp-reset-regression-01.txt","408","2026-09-17T23:26:16.4446886+08:00","489E2AA3A4A66EC5ACA93AC3E7E1C4FFD8F34C602E590CE3DBCED26EB6571D5A","False"
"stm32-handoff-20260917-232541-4289db94\working-tree\docs\evidence\r0\r0-freertos-runtime-gdb-01.txt","896","2026-09-17T23:26:16.4751402+08:00","8A84F6ABFE6E1DDFBF72891551ED21F9009686D381BDD4568C1A77B298EBA877","False"
"stm32-handoff-20260917-232541-4289db94\working-tree\docs\evidence\r0\r0-priority-baseline-runtime-02.txt","703","2026-09-17T23:26:16.4873232+08:00","C17F004140F7417DDED2319CD27098FCBB94D7971684C81CB56C227128BB8A01","False"
"stm32-handoff-20260917-232541-4289db94\working-tree\docs\evidence\r0\r0-priority-baseline-summary-02.txt","761","2026-09-17T23:26:16.5039804+08:00","BBFBE515448EA95634328192F768C1203472F2A9146018B18B785CBBF67A5C8D","False"
"stm32-handoff-20260917-232541-4289db94\working-tree\docs\evidence\r0\r0-tim7-build-01.txt","3210","2026-09-17T23:26:16.5924891+08:00","77EF62AC452966020862DA08B696F22C239FB47FA10DCDC0A136E4F47E3EC3F1","False"
"stm32-handoff-20260917-232541-4289db94\working-tree\docs\evidence\r0\r0-tim7-configure-01.txt","969","2026-09-17T23:26:16.6530922+08:00","D01A1BD5FB5831220DF8C1724635BC0A94E574C1B06917DF43BF5572C021D713","False"
"stm32-handoff-20260917-232541-4289db94\working-tree\docs\evidence\r0\r0-tim7-flash-candidate-01.txt","348","2026-09-17T23:26:16.6606036+08:00","2E3A3D287510A5E16C34EF67319BEF704EEC44B16AF7A716A557A610F949B4C6","False"
"stm32-handoff-20260917-232541-4289db94\working-tree\docs\evidence\r0\r0-tim7-flash-verify-01.txt","1310","2026-09-17T23:26:16.7605308+08:00","34FFBA5A9621FABE64CC3C73336975C1793318EEA4FCE3E43BBE249B169BA2AE","False"
"stm32-handoff-20260917-232541-4289db94\working-tree\docs\evidence\r0\r0-tim7-runtime-gdb-01.txt","1083","2026-09-17T23:26:16.7768321+08:00","2FB074A7A9B08B5EC872FC572B2C00C41E8D529A71F4D26C9D91421F8EB13E74","False"
"stm32-handoff-20260917-232541-4289db94\working-tree\docs\evidence\r0\r0-tim7-runtime-summary-01.txt","464","2026-09-17T23:26:16.7853566+08:00","1D23309315A2870BB95FDC038EB844E6277E395CC680D5A0D2DD9C091DEADB2E","False"
"stm32-handoff-20260917-232541-4289db94\working-tree\docs\evidence\r0\r0-tim7-vcp-reset-regression-01.txt","381","2026-09-17T23:26:16.7905381+08:00","1DE34C1E264E0251ADD0189C2D31290AC0CACBF51F1B98E42D42D6B9A499A807","False"
"stm32-handoff-20260917-232541-4289db94\working-tree\docs\evidence\r0\README.md","2395","2026-09-17T23:26:16.7969855+08:00","299464ACCBE75B7A1DF7090C7F3003E438EFF1435CAFA4E176DD30403D5DB035","False"
"stm32-handoff-20260917-232541-4289db94\working-tree\docs\evidence\r1\r1-evidence-manifest.sha256","727","2026-09-17T23:26:14.5564540+08:00","E5605E42FE4C70E70FD55BF63A0211B9FE14B5B05076D19B2F530C7079BF2036","False"
"stm32-handoff-20260917-232541-4289db94\working-tree\docs\evidence\r1\r1-final-focused-regression-01.txt","798","2026-09-17T23:26:14.6395566+08:00","7E1B11371936C7A8B46EDA62BA831FD3F1088644660A9C6E0551D3A305FA1FC9","False"
"stm32-handoff-20260917-232541-4289db94\working-tree\docs\evidence\r1\r1-lifecycle-result-01.txt","6402","2026-09-17T23:26:14.7329860+08:00","4BCA38E583658E6AC7D7F1948A2D4C3717F5B363F466B496CA0440209B3FEE3E","False"
"stm32-handoff-20260917-232541-4289db94\working-tree\docs\evidence\r1\r1-raw-snapshot.csv","1704","2026-09-17T23:26:14.7674888+08:00","B01105298CDA8782E74D5E6702B5716293C23978D9AE6A9AF8567AF6B9DE1400","False"
"stm32-handoff-20260917-232541-4289db94\working-tree\docs\evidence\r1\r1-raw-snapshot-metadata.txt","669","2026-09-17T23:26:14.7451614+08:00","FF2B9BE383E4D5E8088F6A48D92209DCA1E6DDF0C55C2575385B2B9085A01D7A","False"
"stm32-handoff-20260917-232541-4289db94\working-tree\docs\evidence\r1\r1-short-run-result-01.txt","1385","2026-09-17T23:26:14.7999275+08:00","68B6F6315EA235E8C1167D80C4C7E83248F8203F8FEFC5960565D242F5CE341D","False"
"stm32-handoff-20260917-232541-4289db94\working-tree\docs\evidence\r1\r1-soak-result-01.txt","1380","2026-09-17T23:26:14.8596934+08:00","B2FD9E08AF832DE403C67F7D51914D6884E43A530C0EC11B2A07247760B52596","False"
"stm32-handoff-20260917-232541-4289db94\working-tree\docs\evidence\r1\r1-tested-builds.txt","1055","2026-09-17T23:26:14.8748983+08:00","8118A2E443DBCA0DA4E7599A7627B0F8904ED7F82BE1AFEB2AF6BE557687CA99","False"
"stm32-handoff-20260917-232541-4289db94\working-tree\docs\evidence\r1\README.md","4030","2026-09-17T23:26:14.9246934+08:00","6973D2D8975800CEB274FAAE222265BB59BFE0B0F0690EC7CACB643F67156677","False"
"stm32-handoff-20260917-232541-4289db94\working-tree\docs\evidence\r2\w3\hardware-classification-01.txt","775","2026-09-17T23:26:14.1827705+08:00","FA9182838AF44B74AD75BEBDB5961ED6C03A2EEA54BBA83A790F48A1C4B865B3","False"
"stm32-handoff-20260917-232541-4289db94\working-tree\docs\evidence\r2\w3\hardware-inspection-01.txt","9047","2026-09-17T23:26:14.2578188+08:00","A978DE6722491A38E09C4AC6E10F377FD0A609AC59F7C0F3934AB372880C62DE","False"
"stm32-handoff-20260917-232541-4289db94\working-tree\docs\evidence\r2\w3\hardware-trace-01.csv","473","2026-09-17T23:26:14.3161459+08:00","307D92544DC3F6822427876B7A7B78C8775B6D767F0C83EDDDD025F2CCF1EE5E","False"
"stm32-handoff-20260917-232541-4289db94\working-tree\docs\evidence\r2\w3\PLAN.md","7995","2026-09-17T23:26:14.3541937+08:00","1D411697895DFCE9ECE32016382FFB548D629A3C29C26A5BF60D6D39E8DD0FCE","False"
"stm32-handoff-20260917-232541-4289db94\working-tree\docs\evidence\r2\w3\README.md","2124","2026-09-17T23:26:14.3885504+08:00","89E844459D2CAE20A7C7456651942D0488841162C7DE69AC422DDFD01380EDE6","False"
"stm32-handoff-20260917-232541-4289db94\working-tree\docs\evidence\r2\w3\w3-evidence-manifest.sha256","433","2026-09-17T23:26:14.4222966+08:00","20C8CA3B736739EEAF8E20A1DA8CC1C0E0332418920695194CC4EC7B44467988","False"
"stm32-handoff-20260917-232541-4289db94\working-tree\docs\evidence\r2\w4\hardware-classification-01.txt","1215","2026-09-17T23:26:13.7209676+08:00","9E4CDFD5770174AC77802A754D7E84E2440083407B3A7CE4C60CEF6DB15DAC02","False"
"stm32-handoff-20260917-232541-4289db94\working-tree\docs\evidence\r2\w4\hardware-inspection-01.txt","39462","2026-09-17T23:26:13.7874401+08:00","09898F5A80BDC301A758CBEABC84AEBEFB77895CF90BBE1A9491A4EDC81037C7","False"
"stm32-handoff-20260917-232541-4289db94\working-tree\docs\evidence\r2\w4\hardware-trace-01.csv","4582","2026-09-17T23:26:13.8565102+08:00","D24CB7C6250F405B39B2F988F64DBAB5A86BFFC01C6306299709F6966C45CF03","False"
"stm32-handoff-20260917-232541-4289db94\working-tree\docs\evidence\r2\w4\PLAN.md","1811","2026-09-17T23:26:13.8814616+08:00","CE9D4BE6E029640CAA6250C24BC78781055EA2839C354EE4243B3BC0674B49C3","False"
"stm32-handoff-20260917-232541-4289db94\working-tree\docs\evidence\r2\w4\prehardware-regression-01.txt","731","2026-09-17T23:26:13.9681770+08:00","45384E7ACE442B293E5C76C97FE68CEA14F8DFCEC0DE7015922BDF70656A4857","False"
"stm32-handoff-20260917-232541-4289db94\working-tree\docs\evidence\r2\w4\README.md","3001","2026-09-17T23:26:14.0653769+08:00","870943FB0062E6584CA35FD01FB8647E542D7518A299BD30F297D1DA1C6B3E2F","False"
"stm32-handoff-20260917-232541-4289db94\working-tree\docs\evidence\r2\w4\w4-evidence-manifest.sha256","530","2026-09-17T23:26:14.1066388+08:00","55E200EFB8CBDBEFC7EBAFBD22B7E8A35D67AD52FAEE0268992C1350E0CBCDC4","False"
"stm32-handoff-20260917-232541-4289db94\working-tree\docs\evidence\r2\w5\hardware-classification-01.txt","1487","2026-09-17T23:26:13.4371118+08:00","FC03FEC5F8A8FEA6982B164C80848E24C16F8DB1FD7FC057C3A9321F4426690B","False"
"stm32-handoff-20260917-232541-4289db94\working-tree\docs\evidence\r2\w5\hardware-inspection-01.txt","47516","2026-09-17T23:26:13.4531056+08:00","5F63280612B60A9C92E282362F2DF9C58D48530FC67AED29BE3511AF9E2005B3","False"
"stm32-handoff-20260917-232541-4289db94\working-tree\docs\evidence\r2\w5\hardware-trace-01.csv","2918","2026-09-17T23:26:13.4921034+08:00","DB54B37357C097CD2EB642788ACEFA0C0A7BE7A2C6B2F4D6B0B9C908516B4251","False"
"stm32-handoff-20260917-232541-4289db94\working-tree\docs\evidence\r2\w5\PLAN.md","2669","2026-09-17T23:26:13.5383717+08:00","75F567CB0FEEFA0C7E65A1AAE1F7C85EAA635137971E8CF04083904C67E59BA2","False"
"stm32-handoff-20260917-232541-4289db94\working-tree\docs\evidence\r2\w5\prehardware-regression-01.txt","1099","2026-09-17T23:26:13.5844077+08:00","344BBBB0A22136EFDEC10EAE66BACA2FE6F6FA81EDE1412DD42C994A8C81E4A2","False"
"stm32-handoff-20260917-232541-4289db94\working-tree\docs\evidence\r2\w5\README.md","3052","2026-09-17T23:26:13.6623181+08:00","1A07FCB3DD016EA5AED9EB0E8E0FAB2A972081F495194B05D2C7C0BEE2C5550B","False"
"stm32-handoff-20260917-232541-4289db94\working-tree\docs\evidence\r2\w5\w5-evidence-manifest.sha256","530","2026-09-17T23:26:13.6728102+08:00","D99F27271B14A716D0A4024E06E3E88D9FACDF606F4140D6EE170E1A19B9CC9A","False"
"stm32-handoff-20260917-232541-4289db94\working-tree\docs\evidence\r2\w6\PLAN.md","4108","2026-09-17T23:26:13.4163744+08:00","F51A8B20CCA5033EA1FAED8BE86A2DC8FA2476025AF82A1E7E0951E1C954D85F","False"
"stm32-handoff-20260917-232541-4289db94\working-tree\docs\firmware-build.md","3622","2026-09-17T23:26:13.2685452+08:00","922F32183E502939178F2E7635B475859CB647A4AA883189BF42F167A5ECAB61","False"
"stm32-handoff-20260917-232541-4289db94\working-tree\docs\platform.md","2376","2026-09-17T23:26:13.2962402+08:00","EB20B54AEA532224EBE1585632E75368C0B459631BA5936C32A5FADED23F56B8","False"
"stm32-handoff-20260917-232541-4289db94\working-tree\docs\status.md","1122","2026-09-17T23:26:13.3162986+08:00","CFC05CA4F3A1764BC07E90F15E6FD55A45ECF32B4390B0B91FBD90A380808B2D","False"
"stm32-handoff-20260917-232541-4289db94\working-tree\firmware\acquisition\r1_acquisition.c","15246","2026-09-17T23:26:11.6701882+08:00","AA388FA57F2E22010EFD6CF9B05E8F54D3DC12EDB88FE45267D76A206476EB96","False"
"stm32-handoff-20260917-232541-4289db94\working-tree\firmware\acquisition\r1_acquisition.h","2409","2026-09-17T23:26:11.7630943+08:00","9AD9BE2B7241AE2024BFA4F425186D4E8302F174266B895B451FB2F4D1E1989A","False"
"stm32-handoff-20260917-232541-4289db94\working-tree\firmware\acquisition\r1_bringup.c","11536","2026-09-17T23:26:11.8180128+08:00","2BEA18208F75A51E15A187B22C5EC1EB182088651A01BEDC5092CBB9798118FC","False"
"stm32-handoff-20260917-232541-4289db94\working-tree\firmware\acquisition\r1_bringup.h","2250","2026-09-17T23:26:11.8958695+08:00","B75A4EC44B54D31E3580A8D7E3EC96B3DA61825CEE8D53317CA455E5B1AD7020","False"
"stm32-handoff-20260917-232541-4289db94\working-tree\firmware\acquisition\r2_dma_slots.c","9509","2026-09-17T23:26:11.9142007+08:00","39F4FAFF9169E2640EA81269428CB67F0ED7278C699973F662EF4AB745156C51","False"
"stm32-handoff-20260917-232541-4289db94\working-tree\firmware\acquisition\r2_dma_slots.h","2994","2026-09-17T23:26:11.9459628+08:00","4892D171B54527234D7FCDB0024CABA39CF3306D451FC1D5AAA8FB5DBE499811","False"
"stm32-handoff-20260917-232541-4289db94\working-tree\firmware\acquisition\r2_w3_guard.h","1904","2026-09-17T23:26:11.9697381+08:00","2EAEB603110FD797EF06481DB162DBA3B6201B41A22F87F24A48EA0F61562EDD","False"
"stm32-handoff-20260917-232541-4289db94\working-tree\firmware\acquisition\r2_w3_rebind.c","22139","2026-09-17T23:26:12.0140268+08:00","9E47F011EFA845CFE5F76B0D9AE6F7AAE20DF76DF587A91BF5346C5F36D70C84","False"
"stm32-handoff-20260917-232541-4289db94\working-tree\firmware\acquisition\r2_w3_rebind.h","3525","2026-09-17T23:26:12.0551369+08:00","3AD986F231031C97819A52EB03006A5699FAEDEB63C91AA8E9A1560021616327","False"
"stm32-handoff-20260917-232541-4289db94\working-tree\firmware\acquisition\r2_w4_guard.h","1474","2026-09-17T23:26:12.0812588+08:00","C6AF990E228B7FBC46B0206EC85B0FE94EA88B48DF46741CC4523BEC79F5FB9E","False"
"stm32-handoff-20260917-232541-4289db94\working-tree\firmware\acquisition\r2_w4_roundtrip.c","33420","2026-09-17T23:26:12.0977065+08:00","546F237AF2F38ACAAD41CAB54032D21832D0A666870CB557980CFC28711E1E4D","False"
"stm32-handoff-20260917-232541-4289db94\working-tree\firmware\acquisition\r2_w4_roundtrip.h","3600","2026-09-17T23:26:12.1507367+08:00","2D4D59942A37806F897D57A537F14FCA21E652EA1F22918587C3B0B7CABE5978","False"
"stm32-handoff-20260917-232541-4289db94\working-tree\firmware\acquisition\r2_w5_capacity.c","40953","2026-09-17T23:26:12.1865266+08:00","F40FFB8651F17735022DB29E0958836ECAF7A71BF78FF857B3991398EA440C54","False"
"stm32-handoff-20260917-232541-4289db94\working-tree\firmware\acquisition\r2_w5_capacity.h","4077","2026-09-17T23:26:12.2788587+08:00","24F2B2B8B0FD7A35B10DCD2A3A83A03F361C72AEC18E3218ED375CAE493DE438","False"
"stm32-handoff-20260917-232541-4289db94\working-tree\firmware\acquisition\r2_w5_guard.h","1734","2026-09-17T23:26:12.3086427+08:00","F17A007417C9193AE23F1A482E3C65263FEB83EA394493A1E0A2A026E06B5543","False"
"stm32-handoff-20260917-232541-4289db94\working-tree\firmware\acquisition\r2_w6_guard.h","2392","2026-09-17T23:26:12.4789386+08:00","5AA5A03435B1E0A4ABEDAB7F04D63AD696E4CC751CA25A2D36B408E4075552C4","False"
"stm32-handoff-20260917-232541-4289db94\working-tree\firmware\acquisition\r2_w6_matrix.c","41813","2026-09-17T23:26:12.4846937+08:00","2BD42D4B477D99030EAACF892354EDCBB13EADC9B4A667A963945329D705795D","False"
"stm32-handoff-20260917-232541-4289db94\working-tree\firmware\acquisition\r2_w6_matrix.h","4158","2026-09-17T23:26:12.5092283+08:00","3AE0544E05E9DA0E2048B17D71B0259E9BA719BA70C9715D90215B087AC5716A","False"
"stm32-handoff-20260917-232541-4289db94\working-tree\firmware\buffer_pool\r2_buffer_pool.c","7691","2026-09-17T23:26:11.5064516+08:00","64B51573E8CC72F080D54255193DCFC9E9D6D0021F4C68E9783C846EF509837B","False"
"stm32-handoff-20260917-232541-4289db94\working-tree\firmware\buffer_pool\r2_buffer_pool.h","3723","2026-09-17T23:26:11.5261834+08:00","F52B89C8AD373305302D16A1B77D711FB8AE23FA6B995FBCAF71BB820BBCE363","False"
"stm32-handoff-20260917-232541-4289db94\working-tree\firmware\cubemx\cmake\gcc-arm-none-eabi.cmake","2157","2026-09-17T23:26:11.3673732+08:00","51B6B7BFD23E531D2D28A80AC343F52EBFC5E6532A2F09693402617BADFB1A04","False"
"stm32-handoff-20260917-232541-4289db94\working-tree\firmware\cubemx\cmake\starm-clang.cmake","3004","2026-09-17T23:26:11.3993600+08:00","3E924AEA0D36B80B776E7EB2463C66181A1EF51B44DA40376165506558BEF6A6","False"
"stm32-handoff-20260917-232541-4289db94\working-tree\firmware\cubemx\cmake\stm32cubemx\CMakeLists.txt","4367","2026-09-17T23:26:11.4288461+08:00","9975EC28FF66765DEEBFC42183CDD8A5388777719F36EE5262A58265AD09442B","False"
"stm32-handoff-20260917-232541-4289db94\working-tree\firmware\cubemx\CMakeLists.txt","7207","2026-09-17T23:26:02.4773285+08:00","31FB874FC7BC29A1F22873325CEF4384764E1EE457CF2746DFE9A32E6FB674BB","False"
"stm32-handoff-20260917-232541-4289db94\working-tree\firmware\cubemx\CMakePresets.json","906","2026-09-17T23:26:02.5611539+08:00","5CFD04CB98883899A9E70BB39DC70F74EE610B88AE34625DAFAC65F18F322A94","False"
"stm32-handoff-20260917-232541-4289db94\working-tree\firmware\cubemx\Core\Inc\FreeRTOSConfig.h","4732","2026-09-17T23:26:11.1881687+08:00","7AD42D70F9E613A7DDC915C7C8D4D9EE61AF7BFB416CD184832A2CEDE3F33333","False"
"stm32-handoff-20260917-232541-4289db94\working-tree\firmware\cubemx\Core\Inc\main.h","2343","2026-09-17T23:26:11.1967527+08:00","A6DCA20101DCA67A1DAA587AE0DF60D1B0A1BD3DF1985DA7F3C6B85288C5F0B8","False"
"stm32-handoff-20260917-232541-4289db94\working-tree\firmware\cubemx\Core\Inc\r0_freertos_smoke.h","402","2026-09-17T23:26:11.2142169+08:00","552E7771CBBBBD7480B63FC5EDDDFB03521E91BB1DDE4ADD56FDEB541DBC03AA","False"
"stm32-handoff-20260917-232541-4289db94\working-tree\firmware\cubemx\Core\Inc\stm32f4xx_hal_conf.h","20030","2026-09-17T23:26:11.2439517+08:00","60B70360318BA03A59BEE32EBA9BD7A14B98E297D9DBCD6F70F274F300C8D4D0","False"
"stm32-handoff-20260917-232541-4289db94\working-tree\firmware\cubemx\Core\Inc\stm32f4xx_it.h","2026","2026-09-17T23:26:11.3175649+08:00","ECDBAAEFF2DFD0423B7E81DAAD0FC1837F07860FD9AC9BBA47BFCFEB6A9D641F","False"
"stm32-handoff-20260917-232541-4289db94\working-tree\firmware\cubemx\Core\Src\main.c","11076","2026-09-17T23:26:10.5829673+08:00","C8E17E002496EB18D94D5C34475ACCC1AB59002B2445E30F43B057F711E6E9B9","False"
"stm32-handoff-20260917-232541-4289db94\working-tree\firmware\cubemx\Core\Src\r0_freertos_smoke.c","2332","2026-09-17T23:26:10.6129639+08:00","9800E79BB69D7C1D6A3A62490321175032D7435483A0EF112AE7F4F484CE78E0","False"
"stm32-handoff-20260917-232541-4289db94\working-tree\firmware\cubemx\Core\Src\stm32f4xx_hal_msp.c","7290","2026-09-17T23:26:10.6466426+08:00","05B5609418778365EEB6F7BFA338E639653422DBDBDDFC8D3E25791C8F8B7524","False"
"stm32-handoff-20260917-232541-4289db94\working-tree\firmware\cubemx\Core\Src\stm32f4xx_hal_timebase_tim.c","4477","2026-09-17T23:26:10.9692262+08:00","3BABD44B44DAB02AB15750DB67D68842FCAE6822FAB84878CCFEF06462B70D4C","False"
"stm32-handoff-20260917-232541-4289db94\working-tree\firmware\cubemx\Core\Src\stm32f4xx_it.c","6406","2026-09-17T23:26:11.0310548+08:00","6D1DB15FE76DB016AD319A072FAF18F3729E961666F069EF7F56DF234C263698","False"
"stm32-handoff-20260917-232541-4289db94\working-tree\firmware\cubemx\Core\Src\syscalls.c","5109","2026-09-17T23:26:11.0690193+08:00","03C06C72EAFB44B499814CF9234ABA57DD830F345D9B8779B5D7090E78517600","False"
"stm32-handoff-20260917-232541-4289db94\working-tree\firmware\cubemx\Core\Src\sysmem.c","2986","2026-09-17T23:26:11.1002946+08:00","AD20F7B1FA1E7C73330727747222CF2FFA3245EBF035230EE9A157545E79DF95","False"
"stm32-handoff-20260917-232541-4289db94\working-tree\firmware\cubemx\Core\Src\system_stm32f4xx.c","26695","2026-09-17T23:26:11.1316640+08:00","A31929EAB936AC98DB060C18917118ACF79DC96E1F03ED4B57D614535DD06D70","False"
"stm32-handoff-20260917-232541-4289db94\working-tree\firmware\cubemx\cubemx.ioc","8601","2026-09-17T23:26:02.6130663+08:00","444E9C352E2261699A91BCBFC84D2D1AB349B5C8C2A1BC2EAD925914505D3FAD","False"
"stm32-handoff-20260917-232541-4289db94\working-tree\firmware\cubemx\Drivers\BSP\STM32F4xx-Nucleo\stm32f4xx_nucleo.c","24331","2026-09-17T23:26:10.4987394+08:00","4284176AF083E38A81DCF10136C1C17B5FE14171646AF4B829DD93B6761DB6A1","False"
"stm32-handoff-20260917-232541-4289db94\working-tree\firmware\cubemx\Drivers\BSP\STM32F4xx-Nucleo\stm32f4xx_nucleo.h","9432","2026-09-17T23:26:10.5448119+08:00","999919342185259B02CEDD2858DDDFEE865B562DF5C30ECF54565DE5A6FF3F73","False"
"stm32-handoff-20260917-232541-4289db94\working-tree\firmware\cubemx\Drivers\CMSIS\Device\ST\STM32F4xx\Include\stm32f446xx.h","1216679","2026-09-17T23:26:10.3775289+08:00","801BAE2A07FB7D61CE78512CEE4D0C761E7B6CC7A3C7C74437A59A05AF70E58A","False"
"stm32-handoff-20260917-232541-4289db94\working-tree\firmware\cubemx\Drivers\CMSIS\Device\ST\STM32F4xx\Include\stm32f4xx.h","11928","2026-09-17T23:26:10.4644727+08:00","A19EDEA6B2F4DF2AB3C567782C4D313A52319C4303BD56AD7DD1D0E077014657","False"
"stm32-handoff-20260917-232541-4289db94\working-tree\firmware\cubemx\Drivers\CMSIS\Device\ST\STM32F4xx\Include\system_stm32f4xx.h","2214","2026-09-17T23:26:10.4863259+08:00","02C067D5A135F540C03215DC834B1E60A97BBD4E55BFD3994B0C82A15EA3012A","False"
"stm32-handoff-20260917-232541-4289db94\working-tree\firmware\cubemx\Drivers\CMSIS\Device\ST\STM32F4xx\LICENSE.txt","371","2026-09-17T23:26:10.3322701+08:00","135FB2D86E9ECDF6824CC3BBA21C72B8E380C07B055FBEBB6B995463EB609BAF","False"
"stm32-handoff-20260917-232541-4289db94\working-tree\firmware\cubemx\Drivers\CMSIS\Include\cachel1_armv7.h","12087","2026-09-17T23:26:09.1022893+08:00","2E336A64F60A9C0EAF5A08E2C4845D94DA86C3FD84D219D0D0C9F530E63BC9C3","False"
"stm32-handoff-20260917-232541-4289db94\working-tree\firmware\cubemx\Drivers\CMSIS\Include\cmsis_armcc.h","27999","2026-09-17T23:26:09.1441327+08:00","5BC0D7ED8E36E9BCB868C4042FFF350C702ECA305DF4162FB00384789E35EE1C","False"
"stm32-handoff-20260917-232541-4289db94\working-tree\firmware\cubemx\Drivers\CMSIS\Include\cmsis_armclang.h","48417","2026-09-17T23:26:09.2049101+08:00","D5DA2B48204F0D0CF1FF38FFCCB527E5706CD0A091FF0A331EB41D6596C33FE5","False"
"stm32-handoff-20260917-232541-4289db94\working-tree\firmware\cubemx\Drivers\CMSIS\Include\cmsis_armclang_ltm.h","56021","2026-09-17T23:26:09.3164690+08:00","3E8FFB284F4F155DE3EA93841CCA853B41D5E812B53E52C64C3D4A67B7F1EC7C","False"
"stm32-handoff-20260917-232541-4289db94\working-tree\firmware\cubemx\Drivers\CMSIS\Include\cmsis_compiler.h","9481","2026-09-17T23:26:09.3488536+08:00","B51963D271C1571CA3463654C76AA7EA50C4EAC5D0A2710DF10414AC64D9E0F8","False"
"stm32-handoff-20260917-232541-4289db94\working-tree\firmware\cubemx\Drivers\CMSIS\Include\cmsis_gcc.h","63374","2026-09-17T23:26:09.3915786+08:00","43BFD1FE69FBBC2CA70AAF7D43CC3E20F16E0C7F66E1BDEF9B51AF6DC14B2617","False"
"stm32-handoff-20260917-232541-4289db94\working-tree\firmware\cubemx\Drivers\CMSIS\Include\cmsis_iccarm.h","29069","2026-09-17T23:26:09.4189413+08:00","2D255C8429E507E52CB603F2970BED4CC4A6CDCC3EB7FC7997385ABAD7364837","False"
"stm32-handoff-20260917-232541-4289db94\working-tree\firmware\cubemx\Drivers\CMSIS\Include\cmsis_version.h","1680","2026-09-17T23:26:09.4561424+08:00","184C19FD3EE73632EDF35A0B4D49CD48BE75FBF49E6CCB19D9DB05FA83BEA4B3","False"
"stm32-handoff-20260917-232541-4289db94\working-tree\firmware\cubemx\Drivers\CMSIS\Include\core_armv81mml.h","276640","2026-09-17T23:26:09.4875926+08:00","A40954BCCBF202BD65EE721EA688122561E005C9F9F9D18E082280C5B897D0E4","False"
"stm32-handoff-20260917-232541-4289db94\working-tree\firmware\cubemx\Drivers\CMSIS\Include\core_armv8mbl.h","115004","2026-09-17T23:26:09.5289281+08:00","458B1E6788079DED52ADC7D06383701C865CA97B67C5E7A0A44884194F91A842","False"
"stm32-handoff-20260917-232541-4289db94\working-tree\firmware\cubemx\Drivers\CMSIS\Include\core_armv8mml.h","183191","2026-09-17T23:26:09.5634978+08:00","5A68204FA31CDA7D04D41C9CEAF3F4B1217908F59366F757EE778181C7CC8CB9","False"
"stm32-handoff-20260917-232541-4289db94\working-tree\firmware\cubemx\Drivers\CMSIS\Include\core_cm0.h","41643","2026-09-17T23:26:09.6238869+08:00","AC13CB645F108666A0E57C93467872660D6BC860A839F840DC870B7A5863B4BF","False"
"stm32-handoff-20260917-232541-4289db94\working-tree\firmware\cubemx\Drivers\CMSIS\Include\core_cm0plus.h","49877","2026-09-17T23:26:09.6705176+08:00","A09FA9C6B8B21D1920BCE15B98AA56182B027E9278CCA0B154812BAC2AEA3CFA","False"
"stm32-handoff-20260917-232541-4289db94\working-tree\firmware\cubemx\Drivers\CMSIS\Include\core_cm1.h","42626","2026-09-17T23:26:09.7029018+08:00","944BF0C4F940EEF30A632CD99D5DCFE8270E8A8431EB98C0F081BCF4F61F728E","False"
"stm32-handoff-20260917-232541-4289db94\working-tree\firmware\cubemx\Drivers\CMSIS\Include\core_cm23.h","121556","2026-09-17T23:26:09.7605412+08:00","77822E9738885394EC52FCA6F617452B823A0B55E2664EE225E65576CF0E8F2D","False"
"stm32-handoff-20260917-232541-4289db94\working-tree\firmware\cubemx\Drivers\CMSIS\Include\core_cm3.h","109529","2026-09-17T23:26:09.7909231+08:00","C9937781259A8897ADF514445441C68570087D6A72A558D8A4AFE75CDB62DBD2","False"
"stm32-handoff-20260917-232541-4289db94\working-tree\firmware\cubemx\Drivers\CMSIS\Include\core_cm33.h","189524","2026-09-17T23:26:09.8243591+08:00","225C47C36230EDAA314F1E7A45B38279F6AB4D58FAEB132226DB35F7007D58AA","False"
"stm32-handoff-20260917-232541-4289db94\working-tree\firmware\cubemx\Drivers\CMSIS\Include\core_cm35p.h","189539","2026-09-17T23:26:09.8500923+08:00","206B427589981B78169C1D9B73E898E4E8DE4EFBD76FD0C2DF7DF81D645B9FA2","False"
"stm32-handoff-20260917-232541-4289db94\working-tree\firmware\cubemx\Drivers\CMSIS\Include\core_cm4.h","120975","2026-09-17T23:26:09.8748969+08:00","F5B63D52DD1557B15CA414CB59C264F595A7B5669DB2A5878DFFE22F4CAEDC8C","False"
"stm32-handoff-20260917-232541-4289db94\working-tree\firmware\cubemx\Drivers\CMSIS\Include\core_cm55.h","317450","2026-09-17T23:26:09.9082357+08:00","5707F716CF03F7E80151108AE94601FCFDF362DD2D830876040213318F6DEE3A","False"
"stm32-handoff-20260917-232541-4289db94\working-tree\firmware\cubemx\Drivers\CMSIS\Include\core_cm7.h","138948","2026-09-17T23:26:09.9590214+08:00","E974D0A91752487D0154457CD422C37667328E9DDB7BA4FA2FED479A63577F63","False"
"stm32-handoff-20260917-232541-4289db94\working-tree\firmware\cubemx\Drivers\CMSIS\Include\core_cm85.h","308328","2026-09-17T23:26:09.9923740+08:00","75BC123889F0F5CA33C4D16B6CBDD580A3572663C899FADB2C8E28F6A5E6FEAD","False"
"stm32-handoff-20260917-232541-4289db94\working-tree\firmware\cubemx\Drivers\CMSIS\Include\core_sc000.h","46562","2026-09-17T23:26:10.0357926+08:00","C81377A69A4EA8ECAEAD42194F2CE8AB59BD4EE7BD638E423F5B1F5EC283D154","False"
"stm32-handoff-20260917-232541-4289db94\working-tree\firmware\cubemx\Drivers\CMSIS\Include\core_sc300.h","108524","2026-09-17T23:26:10.0645875+08:00","73DD461C12C7D3A693840DF3084FD8F85122095C6F21FA3D779B0F3ECEAEBAD5","False"
"stm32-handoff-20260917-232541-4289db94\working-tree\firmware\cubemx\Drivers\CMSIS\Include\core_starmc1.h","193055","2026-09-17T23:26:10.0942755+08:00","92D8661F2947D00DA91653D04794CDE0593FDAAFB3438842A0477775716AAFC5","False"
"stm32-handoff-20260917-232541-4289db94\working-tree\firmware\cubemx\Drivers\CMSIS\Include\mpu_armv7.h","11731","2026-09-17T23:26:10.1304797+08:00","29206B52EE02290ED6F5A5415EBD4187DE802CF176D9B3CB844390D8E5571372","False"
"stm32-handoff-20260917-232541-4289db94\working-tree\firmware\cubemx\Drivers\CMSIS\Include\mpu_armv8.h","11370","2026-09-17T23:26:10.1511081+08:00","2C7D22A344CEDCC1E35380D1F76F0E6C55DA5E3101E6A41FD85497D1841FE8C9","False"
"stm32-handoff-20260917-232541-4289db94\working-tree\firmware\cubemx\Drivers\CMSIS\Include\pac_armv81.h","6062","2026-09-17T23:26:10.2175786+08:00","D76F5CC0C59A59E035115F700B8E8D95B7B98ECB99A2924E885F82A94903D984","False"
"stm32-handoff-20260917-232541-4289db94\working-tree\firmware\cubemx\Drivers\CMSIS\Include\pmu_armv8.h","22786","2026-09-17T23:26:10.2378757+08:00","CEA8C105C5F41BA831FE4D9E8E39758068CD4C414383348DC2835D6BE447CCA0","False"
"stm32-handoff-20260917-232541-4289db94\working-tree\firmware\cubemx\Drivers\CMSIS\Include\tz_context.h","2687","2026-09-17T23:26:10.2884895+08:00","45565C8CB04C653AABAF3CCEDDFC848B6A0DE28C20D4F7E3D475A992C7EEE788","False"
"stm32-handoff-20260917-232541-4289db94\working-tree\firmware\cubemx\Drivers\CMSIS\LICENSE.txt","11357","2026-09-17T23:26:08.9870700+08:00","B40930BBCF80744C86C46A12BC9DA056641D722716C378F5659B9E555EF833E1","False"
"stm32-handoff-20260917-232541-4289db94\working-tree\firmware\cubemx\Drivers\STM32F4xx_HAL_Driver\Inc\Legacy\stm32_hal_legacy.h","240833","2026-09-17T23:26:08.9491027+08:00","8C2D2FEB90E8ED88FE5756F3F1616A2B67AA1CD0858DA8B130ED69607688C8C0","False"
"stm32-handoff-20260917-232541-4289db94\working-tree\firmware\cubemx\Drivers\STM32F4xx_HAL_Driver\Inc\stm32f4xx_hal.h","12683","2026-09-17T23:26:06.8303362+08:00","6942F40453FEE331E026179CFAC4C0F24FFE6313FEDCB68AF9C3382F702DBAF5","False"
"stm32-handoff-20260917-232541-4289db94\working-tree\firmware\cubemx\Drivers\STM32F4xx_HAL_Driver\Inc\stm32f4xx_hal_adc.h","45720","2026-09-17T23:26:06.9879626+08:00","D1BE882B4BEF7D53646E85E3D1783B47E7880647EE8A1436DA58D652C803B12F","False"
"stm32-handoff-20260917-232541-4289db94\working-tree\firmware\cubemx\Drivers\STM32F4xx_HAL_Driver\Inc\stm32f4xx_hal_adc_ex.h","25761","2026-09-17T23:26:07.0374537+08:00","C7DA815C495DF4B6D5E0764AF990C1AE8DF871FDD9E7F6E49416E931D40B3A0F","False"
"stm32-handoff-20260917-232541-4289db94\working-tree\firmware\cubemx\Drivers\STM32F4xx_HAL_Driver\Inc\stm32f4xx_hal_cortex.h","17098","2026-09-17T23:26:07.0830209+08:00","D96DBA22903ABDA49D66CAD29AC0C49357E6A27CF9CB03DFD8C6DB71B61A7FCA","False"
"stm32-handoff-20260917-232541-4289db94\working-tree\firmware\cubemx\Drivers\STM32F4xx_HAL_Driver\Inc\stm32f4xx_hal_def.h","7563","2026-09-17T23:26:07.1624486+08:00","C8EB3F7B393F8C5A0C32E16CCFA101C83DDB59E96BD42239B8A5C5D4DA83E97F","False"
"stm32-handoff-20260917-232541-4289db94\working-tree\firmware\cubemx\Drivers\STM32F4xx_HAL_Driver\Inc\stm32f4xx_hal_dma.h","37869","2026-09-17T23:26:07.1738623+08:00","71C38DFD65C5415B388375147E5317C7AC018B39893D6FD0AC1C897F4313329C","False"
"stm32-handoff-20260917-232541-4289db94\working-tree\firmware\cubemx\Drivers\STM32F4xx_HAL_Driver\Inc\stm32f4xx_hal_dma_ex.h","2651","2026-09-17T23:26:07.2215359+08:00","3EE15423D73AC394DE39E7B65821775966389B13749FF0849894548AB6968676","False"
"stm32-handoff-20260917-232541-4289db94\working-tree\firmware\cubemx\Drivers\STM32F4xx_HAL_Driver\Inc\stm32f4xx_hal_exti.h","14833","2026-09-17T23:26:07.2541335+08:00","61E8F76BDB45DEDF38FEF592504E10418CA410952C7A209CD271B45AC835833A","False"
"stm32-handoff-20260917-232541-4289db94\working-tree\firmware\cubemx\Drivers\STM32F4xx_HAL_Driver\Inc\stm32f4xx_hal_flash.h","14303","2026-09-17T23:26:07.2915895+08:00","10BE06C6E06FCF4EB11E236641948AED861898FEA235C606AE221FA72BC46638","False"
"stm32-handoff-20260917-232541-4289db94\working-tree\firmware\cubemx\Drivers\STM32F4xx_HAL_Driver\Inc\stm32f4xx_hal_flash_ex.h","64011","2026-09-17T23:26:07.4030546+08:00","7C206F5DBED3C147A6F090AB808933132A1B06B8339623AD7174FD0A222E981C","False"
"stm32-handoff-20260917-232541-4289db94\working-tree\firmware\cubemx\Drivers\STM32F4xx_HAL_Driver\Inc\stm32f4xx_hal_flash_ramfunc.h","2206","2026-09-17T23:26:07.4609359+08:00","F18A6EABC99F56483566F9231CA33C780AFA98BC93929E60BB419B5E544EEE2A","False"
"stm32-handoff-20260917-232541-4289db94\working-tree\firmware\cubemx\Drivers\STM32F4xx_HAL_Driver\Inc\stm32f4xx_hal_gpio.h","13687","2026-09-17T23:26:07.5011575+08:00","0B40FC83363B64D3C7396A202BE7A914CEAA7735AB0FA81D566ED320102B23FB","False"
"stm32-handoff-20260917-232541-4289db94\working-tree\firmware\cubemx\Drivers\STM32F4xx_HAL_Driver\Inc\stm32f4xx_hal_gpio_ex.h","81141","2026-09-17T23:26:07.5445819+08:00","4091BEEFC5BF8B250F376D400F43CA028EF7378E1C7BA5C9EB5DE64EC74231C0","False"
"stm32-handoff-20260917-232541-4289db94\working-tree\firmware\cubemx\Drivers\STM32F4xx_HAL_Driver\Inc\stm32f4xx_hal_pwr.h","14456","2026-09-17T23:26:07.6593229+08:00","D6F6ABC4AF3D5A1CA59D886F5A9154E44F257A43AF77C7F18173F160825ED6B5","False"
"stm32-handoff-20260917-232541-4289db94\working-tree\firmware\cubemx\Drivers\STM32F4xx_HAL_Driver\Inc\stm32f4xx_hal_pwr_ex.h","15884","2026-09-17T23:26:07.7213504+08:00","1794B88C5E080858C0205A2E94340C0250AC9171B3A3F01CAD6D050005A1B09D","False"
"stm32-handoff-20260917-232541-4289db94\working-tree\firmware\cubemx\Drivers\STM32F4xx_HAL_Driver\Inc\stm32f4xx_hal_rcc.h","73468","2026-09-17T23:26:07.8879873+08:00","EB6911D964B1CF8A83993B19C8FEB9845E8793D7C0E5D643390B53207C8B078E","False"
"stm32-handoff-20260917-232541-4289db94\working-tree\firmware\cubemx\Drivers\STM32F4xx_HAL_Driver\Inc\stm32f4xx_hal_rcc_ex.h","436806","2026-09-17T23:26:07.9391755+08:00","49F0C8068524E1DE248738530CFF3BBE630DC4784B6E8B5568FBC7E1A154F772","False"
"stm32-handoff-20260917-232541-4289db94\working-tree\firmware\cubemx\Drivers\STM32F4xx_HAL_Driver\Inc\stm32f4xx_hal_tim.h","122010","2026-09-17T23:26:07.9764149+08:00","63F00354E2A5E8D3A8D211FC736517273E12B99A1EB782AA7A2670CB1264A16D","False"
"stm32-handoff-20260917-232541-4289db94\working-tree\firmware\cubemx\Drivers\STM32F4xx_HAL_Driver\Inc\stm32f4xx_hal_tim_ex.h","16732","2026-09-17T23:26:08.0110409+08:00","AA6695D64677E8A7B46D719DA3D81049290F42383C17E76271605BC68143FD1E","False"
"stm32-handoff-20260917-232541-4289db94\working-tree\firmware\cubemx\Drivers\STM32F4xx_HAL_Driver\Inc\stm32f4xx_hal_uart.h","45527","2026-09-17T23:26:08.0837642+08:00","42528BC9CAA6E2FE96B7E6D7B3FCDF35D8D85AE38D33195A233E18A072F157A1","False"
"stm32-handoff-20260917-232541-4289db94\working-tree\firmware\cubemx\Drivers\STM32F4xx_HAL_Driver\Inc\stm32f4xx_ll_adc.h","284748","2026-09-17T23:26:08.1479033+08:00","FABFC9706709A9997E96D87AEE25356B3CA84021668A915AD816BA42E1BABADC","False"
"stm32-handoff-20260917-232541-4289db94\working-tree\firmware\cubemx\Drivers\STM32F4xx_HAL_Driver\Inc\stm32f4xx_ll_bus.h","99874","2026-09-17T23:26:08.2142197+08:00","95A518139F74D14A4477519B5172675347990E9FA637BD3948C69BD475BD7C88","False"
"stm32-handoff-20260917-232541-4289db94\working-tree\firmware\cubemx\Drivers\STM32F4xx_HAL_Driver\Inc\stm32f4xx_ll_cortex.h","24301","2026-09-17T23:26:08.2530347+08:00","D8B268CA207E51864D1A71CE14FFF316C57D09E62A04D0C28310B4A1008E6F17","False"
"stm32-handoff-20260917-232541-4289db94\working-tree\firmware\cubemx\Drivers\STM32F4xx_HAL_Driver\Inc\stm32f4xx_ll_dma.h","106997","2026-09-17T23:26:08.3041314+08:00","39E89050700E16304E04643E29C162B6AAA9F3BFE53880CD78C255CE46104E82","False"
"stm32-handoff-20260917-232541-4289db94\working-tree\firmware\cubemx\Drivers\STM32F4xx_HAL_Driver\Inc\stm32f4xx_ll_exti.h","34065","2026-09-17T23:26:08.3378404+08:00","6DA580D41EBDCFD7349E29666A2E561C8E2C2E01F6E7EF29DFEC6EBF6AE237DF","False"
"stm32-handoff-20260917-232541-4289db94\working-tree\firmware\cubemx\Drivers\STM32F4xx_HAL_Driver\Inc\stm32f4xx_ll_gpio.h","37445","2026-09-17T23:26:08.3725461+08:00","E46857F5F9A5F5A2D13CA2D6925DC9E66DFA7FC56A2CC72E54B891BDB88E2F16","False"
"stm32-handoff-20260917-232541-4289db94\working-tree\firmware\cubemx\Drivers\STM32F4xx_HAL_Driver\Inc\stm32f4xx_ll_pwr.h","31539","2026-09-17T23:26:08.4233927+08:00","229AF558BFEEF8BB88D2224277B083C3B927C5C2612991FDEBA00DAD56255ABC","False"
"stm32-handoff-20260917-232541-4289db94\working-tree\firmware\cubemx\Drivers\STM32F4xx_HAL_Driver\Inc\stm32f4xx_ll_rcc.h","341256","2026-09-17T23:26:08.5041827+08:00","605960F2E8E57A702B912475F9C154BB58711B58C8F2FF27DD4E75B5D767DC4E","False"
"stm32-handoff-20260917-232541-4289db94\working-tree\firmware\cubemx\Drivers\STM32F4xx_HAL_Driver\Inc\stm32f4xx_ll_system.h","70672","2026-09-17T23:26:08.6136240+08:00","D634A419A55E99B4A641FECC055E1F602D8A418BD7D822CF2F812A0965AC9A3E","False"
"stm32-handoff-20260917-232541-4289db94\working-tree\firmware\cubemx\Drivers\STM32F4xx_HAL_Driver\Inc\stm32f4xx_ll_tim.h","174976","2026-09-17T23:26:08.7753704+08:00","0D7EB3FD74100EE33CF592C6EDB2E340D85AC320364702A6CC1D0E9D22DA66D2","False"
"stm32-handoff-20260917-232541-4289db94\working-tree\firmware\cubemx\Drivers\STM32F4xx_HAL_Driver\Inc\stm32f4xx_ll_usart.h","97617","2026-09-17T23:26:08.8400324+08:00","982C4448C49DDC7C6C71BD788E5354F05E96ACA5E98EDD0626F8FFCAEFC65E79","False"
"stm32-handoff-20260917-232541-4289db94\working-tree\firmware\cubemx\Drivers\STM32F4xx_HAL_Driver\Inc\stm32f4xx_ll_utils.h","10642","2026-09-17T23:26:08.8912657+08:00","535CB625CFCD461D6054549BF04D25EF939EC5754F77731A5F9FD92728280DED","False"
"stm32-handoff-20260917-232541-4289db94\working-tree\firmware\cubemx\Drivers\STM32F4xx_HAL_Driver\LICENSE.txt","377","2026-09-17T23:26:05.4924218+08:00","D5A162F3EAF2B7B6762F00700017CAE5695EBBDCE7932FEAD8316448BAAFD9C1","False"
"stm32-handoff-20260917-232541-4289db94\working-tree\firmware\cubemx\Drivers\STM32F4xx_HAL_Driver\Src\stm32f4xx_hal.c","19188","2026-09-17T23:26:05.5769337+08:00","97E715CDA2A34BD564B59CE4BA9B16BD29651F8F229161105AAEC666D76EA91A","False"
"stm32-handoff-20260917-232541-4289db94\working-tree\firmware\cubemx\Drivers\STM32F4xx_HAL_Driver\Src\stm32f4xx_hal_adc.c","76918","2026-09-17T23:26:05.6526814+08:00","275B278044C92159719B25ADEBE672454387976EE5BAEB1EB61E83C34DEB13D1","False"
"stm32-handoff-20260917-232541-4289db94\working-tree\firmware\cubemx\Drivers\STM32F4xx_HAL_Driver\Src\stm32f4xx_hal_adc_ex.c","41132","2026-09-17T23:26:05.7027314+08:00","54378229ED51C2B3E4665983BC0E9A644ECA93A7838F622F7234710071967965","False"
"stm32-handoff-20260917-232541-4289db94\working-tree\firmware\cubemx\Drivers\STM32F4xx_HAL_Driver\Src\stm32f4xx_hal_cortex.c","19368","2026-09-17T23:26:05.7590338+08:00","9AAA0F19137D700616BEC01A5A806786C24E3F3386120365C5D2ADDAA4055505","False"
"stm32-handoff-20260917-232541-4289db94\working-tree\firmware\cubemx\Drivers\STM32F4xx_HAL_Driver\Src\stm32f4xx_hal_dma.c","39525","2026-09-17T23:26:05.8193031+08:00","A345A1B1FE0221C827D5AD21D5A0F5387296BC2C075E06E5B8539C23DA5678E4","False"
"stm32-handoff-20260917-232541-4289db94\working-tree\firmware\cubemx\Drivers\STM32F4xx_HAL_Driver\Src\stm32f4xx_hal_dma_ex.c","10274","2026-09-17T23:26:05.8666565+08:00","90CAFB5A5B17A46B478770EF4ABDC9A641CB395419ABBB80F288138A63D44582","False"
"stm32-handoff-20260917-232541-4289db94\working-tree\firmware\cubemx\Drivers\STM32F4xx_HAL_Driver\Src\stm32f4xx_hal_exti.c","15072","2026-09-17T23:26:05.9441926+08:00","F56651F86E5D89E8BBA3BCB331353E00F291DB15C902927A205D81BBE8951E6D","False"
"stm32-handoff-20260917-232541-4289db94\working-tree\firmware\cubemx\Drivers\STM32F4xx_HAL_Driver\Src\stm32f4xx_hal_flash.c","24084","2026-09-17T23:26:05.9777994+08:00","8BF12EEB6E6CFC12A17587ED6D761724E0835A4A3DC0F6B14A8D1CA068BCB55B","False"
"stm32-handoff-20260917-232541-4289db94\working-tree\firmware\cubemx\Drivers\STM32F4xx_HAL_Driver\Src\stm32f4xx_hal_flash_ex.c","49826","2026-09-17T23:26:06.0352929+08:00","51A70DEB9B19DD43F6F202430FAE052F2DEB26C39232C09C79230C8D8A61F773","False"
"stm32-handoff-20260917-232541-4289db94\working-tree\firmware\cubemx\Drivers\STM32F4xx_HAL_Driver\Src\stm32f4xx_hal_flash_ramfunc.c","5965","2026-09-17T23:26:06.1207565+08:00","D3B426E8CB9D617F9064D2B0CEA2A1D02B7BB6A74CBA3F094779D6E922E477E3","False"
"stm32-handoff-20260917-232541-4289db94\working-tree\firmware\cubemx\Drivers\STM32F4xx_HAL_Driver\Src\stm32f4xx_hal_gpio.c","18844","2026-09-17T23:26:06.1743551+08:00","408908B15477B6CE2B0B9703CAABCB053293D98F2F109D6E6940E076A6A3902B","False"
"stm32-handoff-20260917-232541-4289db94\working-tree\firmware\cubemx\Drivers\STM32F4xx_HAL_Driver\Src\stm32f4xx_hal_pwr.c","21984","2026-09-17T23:26:06.2160922+08:00","D779468A95DF34421BF6C8417136A79AA910753381A644AFA9ED10B185AE18B5","False"
"stm32-handoff-20260917-232541-4289db94\working-tree\firmware\cubemx\Drivers\STM32F4xx_HAL_Driver\Src\stm32f4xx_hal_pwr_ex.c","22773","2026-09-17T23:26:06.3062405+08:00","4409DDDC0D2019F918D0DDEBECF659F06D4DE3F9AA28566621A16EA47203331F","False"
"stm32-handoff-20260917-232541-4289db94\working-tree\firmware\cubemx\Drivers\STM32F4xx_HAL_Driver\Src\stm32f4xx_hal_rcc.c","42493","2026-09-17T23:26:06.3764398+08:00","F3AC468E2F415ADB74281107C0DEC1448008950B64A7BB11C14CBE3EE1A936DE","False"
"stm32-handoff-20260917-232541-4289db94\working-tree\firmware\cubemx\Drivers\STM32F4xx_HAL_Driver\Src\stm32f4xx_hal_rcc_ex.c","156313","2026-09-17T23:26:06.4172549+08:00","526324811FA113C3EADFA84CD24EA5E607AD8E8BF003A2085456C04B734CA25E","False"
"stm32-handoff-20260917-232541-4289db94\working-tree\firmware\cubemx\Drivers\STM32F4xx_HAL_Driver\Src\stm32f4xx_hal_tim.c","244117","2026-09-17T23:26:06.4470963+08:00","A7DEA3B10A771A380915007B9ECE123654C6BD2A40F611102220DF9BFDD143E4","False"
"stm32-handoff-20260917-232541-4289db94\working-tree\firmware\cubemx\Drivers\STM32F4xx_HAL_Driver\Src\stm32f4xx_hal_tim_ex.c","81598","2026-09-17T23:26:06.5126100+08:00","4471B582D56545FBD48725401249B4A2A728CCC0D933B3F1A02E2B09DDA8D8FA","False"
"stm32-handoff-20260917-232541-4289db94\working-tree\firmware\cubemx\Drivers\STM32F4xx_HAL_Driver\Src\stm32f4xx_hal_uart.c","136921","2026-09-17T23:26:06.5723547+08:00","A74ED3A9A13A4FCBAADA9E6F88F7D4FCABE2A75852A6CE4C09F8D4314A2E851A","False"
"stm32-handoff-20260917-232541-4289db94\working-tree\firmware\cubemx\Middlewares\Third_Party\FreeRTOS-Kernel\include\atomic.h","13324","2026-09-17T23:26:03.9010363+08:00","499C8E2D4ADEC5C1F92D243BE90B31F4FF9B74DFFDA2E9AB02CA47FCAE9B96D6","False"
"stm32-handoff-20260917-232541-4289db94\working-tree\firmware\cubemx\Middlewares\Third_Party\FreeRTOS-Kernel\include\CMakeLists.txt","490","2026-09-17T23:26:03.9692284+08:00","03C610FD7C2096E43DBA727FA265591B6F3992DFBE880BC02A94312504C15118","False"
"stm32-handoff-20260917-232541-4289db94\working-tree\firmware\cubemx\Middlewares\Third_Party\FreeRTOS-Kernel\include\croutine.h","28544","2026-09-17T23:26:04.0693490+08:00","2BB704DB1951C9E97B3F3342D191038CB918AAC8FEE4F06F3EF35C4A651686D0","False"
"stm32-handoff-20260917-232541-4289db94\working-tree\firmware\cubemx\Middlewares\Third_Party\FreeRTOS-Kernel\include\deprecated_definitions.h","7518","2026-09-17T23:26:04.1547746+08:00","157C9B113297981D1944D37826E10955BE95AE4158483DDFAF2F287D0E02E024","False"
"stm32-handoff-20260917-232541-4289db94\working-tree\firmware\cubemx\Middlewares\Third_Party\FreeRTOS-Kernel\include\event_groups.h","36260","2026-09-17T23:26:04.1967642+08:00","FB936E87B90F351B9DB324B917ED51C7C45AC9D53A585AD2B255351AB975762F","False"
"stm32-handoff-20260917-232541-4289db94\working-tree\firmware\cubemx\Middlewares\Third_Party\FreeRTOS-Kernel\include\FreeRTOS.h","105521","2026-09-17T23:26:04.2572830+08:00","189D9626143B76B1A948A612C051617052F16B3E193324CC96B20E0EB4B8A103","False"
"stm32-handoff-20260917-232541-4289db94\working-tree\firmware\cubemx\Middlewares\Third_Party\FreeRTOS-Kernel\include\list.h","24802","2026-09-17T23:26:04.3866192+08:00","E18C1BD8DFFDDC0608112F3E47F28962DC8DF916984E68286BBC9A9FA4F83D7C","False"
"stm32-handoff-20260917-232541-4289db94\working-tree\firmware\cubemx\Middlewares\Third_Party\FreeRTOS-Kernel\include\message_buffer.h","44862","2026-09-17T23:26:04.4578454+08:00","E9A981C053CA946041ADF3777EEF48A8A79513EFD4F2FB26D712D72C72AC25A0","False"
"stm32-handoff-20260917-232541-4289db94\working-tree\firmware\cubemx\Middlewares\Third_Party\FreeRTOS-Kernel\include\mpu_prototypes.h","26152","2026-09-17T23:26:04.5388471+08:00","C2E3BB81BE1BC582717A652D7A06E4DE90FF947376D0BC8D3C1030BE35FE82AF","False"
"stm32-handoff-20260917-232541-4289db94\working-tree\firmware\cubemx\Middlewares\Third_Party\FreeRTOS-Kernel\include\mpu_syscall_numbers.h","5860","2026-09-17T23:26:04.8297957+08:00","6701D2EAC55E478E90D62FF2947B0D2C7F5157F3B344BCFEC47AC80186C57816","False"
"stm32-handoff-20260917-232541-4289db94\working-tree\firmware\cubemx\Middlewares\Third_Party\FreeRTOS-Kernel\include\mpu_wrappers.h","17914","2026-09-17T23:26:04.8929084+08:00","B2DD748823DCE76D42A15A7A00E1BAD3140EAAF615487716D3ECA4763E0AC9BC","False"
"stm32-handoff-20260917-232541-4289db94\working-tree\firmware\cubemx\Middlewares\Third_Party\FreeRTOS-Kernel\include\newlib-freertos.h","2466","2026-09-17T23:26:04.9467302+08:00","FE93D3F7609F3897B8D429B7A2C335F03C4B96A47614973880C490A1C6A5152C","False"
"stm32-handoff-20260917-232541-4289db94\working-tree\firmware\cubemx\Middlewares\Third_Party\FreeRTOS-Kernel\include\picolibc-freertos.h","4442","2026-09-17T23:26:05.0388705+08:00","7C0640A34B316F53C6B59F97248474BC06F1D543165DB9871889A0FD2C4B62B1","False"
"stm32-handoff-20260917-232541-4289db94\working-tree\firmware\cubemx\Middlewares\Third_Party\FreeRTOS-Kernel\include\portable.h","11592","2026-09-17T23:26:05.0483114+08:00","973C26DED2DA7465CC843CF888D88BFC4E5BF9BB4099B48B131082EB95D35222","False"
"stm32-handoff-20260917-232541-4289db94\working-tree\firmware\cubemx\Middlewares\Third_Party\FreeRTOS-Kernel\include\projdefs.h","7351","2026-09-17T23:26:05.1480387+08:00","05308062697B6093618D4B7110DBF125C5B4839072680D3B7239BC2644082347","False"
"stm32-handoff-20260917-232541-4289db94\working-tree\firmware\cubemx\Middlewares\Third_Party\FreeRTOS-Kernel\include\queue.h","68973","2026-09-17T23:26:05.1662395+08:00","ACAF6A17C7EB7106CBF4F0C6BA1438FB881127F9F4DAE8085582DEA8467659C0","False"
"stm32-handoff-20260917-232541-4289db94\working-tree\firmware\cubemx\Middlewares\Third_Party\FreeRTOS-Kernel\include\semphr.h","50241","2026-09-17T23:26:05.2184905+08:00","454FAE279911C48B3636B341C77ECD18A00ABC8C50206B9E83CF7D4AE2BCCD7F","False"
"stm32-handoff-20260917-232541-4289db94\working-tree\firmware\cubemx\Middlewares\Third_Party\FreeRTOS-Kernel\include\stack_macros.h","8847","2026-09-17T23:26:05.2607560+08:00","022A341340EEE8FBC21FC7FAC1AAFA3E6A9A720A24E91EA718AF0B46FE843052","False"
"stm32-handoff-20260917-232541-4289db94\working-tree\firmware\cubemx\Middlewares\Third_Party\FreeRTOS-Kernel\include\StackMacros.h","1573","2026-09-17T23:26:05.2976788+08:00","129A0ACEE3AD207D64127E536CE87A9A3566E9268E05A108790A0C51B0E49891","False"
"stm32-handoff-20260917-232541-4289db94\working-tree\firmware\cubemx\Middlewares\Third_Party\FreeRTOS-Kernel\include\stream_buffer.h","58512","2026-09-17T23:26:05.3088119+08:00","7C9B13D0F5C52F3B797A791DFB2EF3573A145063B675925397122A056E7C9C44","False"
"stm32-handoff-20260917-232541-4289db94\working-tree\firmware\cubemx\Middlewares\Third_Party\FreeRTOS-Kernel\include\task.h","164046","2026-09-17T23:26:05.3808970+08:00","F3A76F99198A537FFCE4B7876566502E7156A4FBD5B57B56F213BB7884B772C9","False"
"stm32-handoff-20260917-232541-4289db94\working-tree\firmware\cubemx\Middlewares\Third_Party\FreeRTOS-Kernel\include\timers.h","65702","2026-09-17T23:26:05.4361420+08:00","14C35D6830037B75612AD1F60367BD7A8E80122D9C8612FF4EAEBAF5917B9924","False"
"stm32-handoff-20260917-232541-4289db94\working-tree\firmware\cubemx\Middlewares\Third_Party\FreeRTOS-Kernel\LICENSE.md","1036","2026-09-17T23:26:03.0968301+08:00","508A77D2E7B51D98ADEED32648AD124B7B30241A8E70B2E72C99F92D8E5874D1","False"
"stm32-handoff-20260917-232541-4289db94\working-tree\firmware\cubemx\Middlewares\Third_Party\FreeRTOS-Kernel\list.c","10049","2026-09-17T23:26:03.1346845+08:00","E0A4D7A061E86CCB8EE4E08B0C1229C51D8C0A7A6F1C51C45083314F2E42B297","False"
"stm32-handoff-20260917-232541-4289db94\working-tree\firmware\cubemx\Middlewares\Third_Party\FreeRTOS-Kernel\portable\GCC\ARM_CM4F\port.c","41903","2026-09-17T23:26:03.5339940+08:00","CB2CE141EB035A890147DA04A03DC390504D770D9D3288282EC277B47E92A482","False"
"stm32-handoff-20260917-232541-4289db94\working-tree\firmware\cubemx\Middlewares\Third_Party\FreeRTOS-Kernel\portable\GCC\ARM_CM4F\portmacro.h","10427","2026-09-17T23:26:03.7496489+08:00","E870959ED8A21B7B13DE6DB819D4FABDDC6A49DFFFCBE4D4C931FE82B27FFB2C","False"
"stm32-handoff-20260917-232541-4289db94\working-tree\firmware\cubemx\Middlewares\Third_Party\FreeRTOS-Kernel\queue.c","128165","2026-09-17T23:26:03.3335880+08:00","E66B73EB6DD7E6B2CCD121AB8D7345AB9698CD655B32171476643284E6DC4F4A","False"
"stm32-handoff-20260917-232541-4289db94\working-tree\firmware\cubemx\Middlewares\Third_Party\FreeRTOS-Kernel\tasks.c","352352","2026-09-17T23:26:03.4337531+08:00","6A54883765441F12B45B7F2E36838727E8E0AA872054DF30C814C473EE3E4149","False"
"stm32-handoff-20260917-232541-4289db94\working-tree\firmware\cubemx\Middlewares\Third_Party\FreeRTOS-Kernel\UPSTREAM.md","346","2026-09-17T23:26:03.5031711+08:00","36A28452D98436D26489335563DB32BCF691102450B86A9505EC0898269FEB5C","False"
"stm32-handoff-20260917-232541-4289db94\working-tree\firmware\cubemx\startup_stm32f446xx.s","24403","2026-09-17T23:26:02.8656070+08:00","448435EB5D2FFE063490BCAC42B9C861461CE05528141D87E62F8425C00131F8","False"
"stm32-handoff-20260917-232541-4289db94\working-tree\firmware\cubemx\STM32F446xx_FLASH.ld","8416","2026-09-17T23:26:02.9418924+08:00","018D8E121D7A3B94FD36E1E40C9598DAA20AA999F45D24230B1B0D9461B60059","False"
"stm32-handoff-20260917-232541-4289db94\working-tree\project-journal\2026-09-10.md","2534","2026-09-17T23:26:01.8201813+08:00","4FC1BAD5A42BF8E9B0CA1D0AD326A27A4C6034CBE9F50339ED92DA1BAC616548","False"
"stm32-handoff-20260917-232541-4289db94\working-tree\project-journal\2026-09-11.md","5140","2026-09-17T23:26:01.9599021+08:00","743CB0957A74BA93A84F057F1748339510EC1D0711D1F931F960107FC85C41F9","False"
"stm32-handoff-20260917-232541-4289db94\working-tree\project-journal\2026-09-13.md","8438","2026-09-17T23:26:02.0855118+08:00","F63431A3434DB4424960DA8A8FD34E497E02C55217ADE2AA21ABDC5A185E39DD","False"
"stm32-handoff-20260917-232541-4289db94\working-tree\pyproject.toml","196","2026-09-17T23:25:56.0263273+08:00","A1056D1033C565FF46D78B848AA27A8E57FDF57464A9F0F35821D21672365287","False"
"stm32-handoff-20260917-232541-4289db94\working-tree\tests\native\CMakeLists.txt","7651","2026-09-17T23:26:00.8780619+08:00","63893A3CE430CD6CC6FC5BA998B5A9B7F744A27DE555A305290F4751115A5587","False"
"stm32-handoff-20260917-232541-4289db94\working-tree\tests\native\test_r2_buffer_pool.c","22381","2026-09-17T23:26:00.9534364+08:00","E405F0ACCB82FFDA35A6D945BAE960F5CB9EDFD829561970B5280819CCD504C7","False"
"stm32-handoff-20260917-232541-4289db94\working-tree\tests\native\test_r2_dma_slots.c","16016","2026-09-17T23:26:01.4398296+08:00","85DD8A50394B2625734E68548A7B2DC0D6D05372AFE434D4022FF19B7A640245","False"
"stm32-handoff-20260917-232541-4289db94\working-tree\tests\native\test_r2_w3_guard.c","6113","2026-09-17T23:26:01.5083053+08:00","431C51AE418F71A8AAAF4D5554002895187615C26125A73B70754A8A31635CC5","False"
"stm32-handoff-20260917-232541-4289db94\working-tree\tests\native\test_r2_w4_model.c","9828","2026-09-17T23:26:01.5231292+08:00","5C0DB31454EBBE30CC0EB98B879A3CE28CA5D9187570D10C14EDED0E3E3CE72E","False"
"stm32-handoff-20260917-232541-4289db94\working-tree\tests\native\test_r2_w5_model.c","10935","2026-09-17T23:26:01.5724838+08:00","27BBD545B050025A24610553D1B663A30429861C51EA6126D119ADE6A13FA4E7","False"
"stm32-handoff-20260917-232541-4289db94\working-tree\tests\native\test_r2_w6_matrix.c","10010","2026-09-17T23:26:01.7485819+08:00","A2013BFD33B581A870D86A93EFAF7156DA507A9B414728457C801310A7DC44C9","False"
"stm32-handoff-20260917-232541-4289db94\working-tree\tools\environment-smoke.ps1","13997","2026-09-17T23:25:56.5002068+08:00","40753508945BC4F8C44143E5BFFCF9E8C1DCD439103C480BFEADA30A74FC16FF","False"
"stm32-handoff-20260917-232541-4289db94\working-tree\tools\r2\verify_w3.ps1","8240","2026-09-17T23:25:59.2826411+08:00","40671A5587F92F5869EC8B3FC5CE0114F3840F157BB285B8F8235F2C7A627ACC","False"
"stm32-handoff-20260917-232541-4289db94\working-tree\tools\r2\verify_w4.ps1","9014","2026-09-17T23:26:00.2130407+08:00","54F79F3D1375356FE1D0E3F44148BF8F6ED20BD18AF492F7536B127022CEE895","False"
"stm32-handoff-20260917-232541-4289db94\working-tree\tools\r2\verify_w5.ps1","9491","2026-09-17T23:26:00.6217615+08:00","AB39E2E6F1991191768747C40265C0FA3CFAC2E6C9B13EC4AE8D8E8B45D4C4E0","False"
"stm32-handoff-20260917-232541-4289db94\working-tree\tools\r2\verify_w6.ps1","11848","2026-09-17T23:26:00.7707608+08:00","BF632BB6C59998C5DBF00D36B734154AA261205847329728B13DDCC838C1AA42","False"
"stm32-handoff-20260917-232541-4289db94\working-tree\uv.lock","139","2026-09-17T23:25:56.3550245+08:00","E3FD50EBC151E445A546DC5054A42A39B09E90F97F49AF18AF3DC210F64D2D50","False"
